label,UNC5CL,UNC5D,LCAT,PLA2G15,GNG11,GNG12,GNG5,EGFR,ERBB2,ERBB3,ITGB1,ITGB2,ITGB3,ITGB4,ITGB5,ITGB6,ITGB7,ITGBL1,APLP2,APP,PODXL2,APOB,LOC400499,AFDN,PTCH1,PTCH2,PLD5,BPIFB1,BPIFB2,BPIFB3,BPIFB6,BPIFC,LBP,PLTP,ROBO1,ROBO2,ROBO4,CASK,GNA14,GNA15,GNAL,GNAS,DGKZ,LAMA1,LAMB1,LAMB2,LAMB3,NTN4,XPR1,ATRN,ATRNL1,FUT11,PSEN1,PSENEN,SORCS1,SORCS3,SORL1,SORT1,NTN3,NTNG1,DHH,IHH,SHH,PLB1,DAG1,GPC1,GPC2,GPC3,GPC4,GPC5,GPC6,APH1A,PLA2G10,PLA2G1B,PLA2G2A,PLA2G5,DCC,IGDCC3,IGDCC4,NEO1,PTK2,PTK2B,ADGRB1,ADGRB3,ADGRD1,TM4SF19,IFNAR1,IL10RB,VAMP1,VAMP2,VAMP3,VAMP4,VAMP5,VAMP8,VGF,GRIN2D,FAT1,FAT2,FAT3,GNLY,PSAP,PSAPL1,SFTPB,LGMN,ENTPD5,ENTPD1,ENTPD8,ARHGAP12,ARHGAP15,TINAG,TINAGL1,NPC1,NPC1L1,SCAP,PTCHD4,SMPDL3A,PLOD2,INPP5A,STXBP6,CLRN2,CLRN3,DOCK2,DAGLB,ATG9A,DPP7,PRCP,RYR3,CACNA1G,CYBA,PDPN,SNAP23,DCUN1D3,B2M,AGRN,HSPG2,ARHGEF12,FARP1,FARP2,RAPGEF2,SPOCK1,SPOCK2,TJP1,TJP2,TJP3,SLCO1A2,SLCO2A1,SLCO2B1,SLCO3A1,SLCO4A1,SLCO4C1,GABRA2,GABRA4,GABRA6,GABRE,GABRB1,GABRB3,GABRP,GABRR2,DISP1,DISP2,TRPV2,TRPV4,TRPV6,CTNNA1,CTNNA2,CTNNA3,CTNNAL1,VCL,LMBR1,LMBR1L,C2ORF66,SLC18A2,SLC18B1,CD36,LYZ,LYZL1,LYZL2,SCARB1,SCARB2,CACNB1,EFNA1,EFNA2,EFNA4,EFNA5,EFNB1,EFNB2,ABI3BP,ATP1B1,ATP1B3,ATP1B4,FNDC1,SPARC,SPARCL1,CUBN,MFRP,NRP1,PCOLCE,PCOLCE2,MTTP,GRIN1,CRTAP,IGF2R,SOCS6,SPRED1,SPRED2,BNIP5,GLMP,ADGRL1,ADGRL2,TIMP1,TIMP2,TIMP3,TIMP4,C16ORF89,CD68,LAMP1,LAMP2,LAMP3
Kunitz/Bovine pancreatic trypsin in… (16),,,0.359,0.359,0.593,0.593,0.593,,,,,,,,,,,,,,,0.505,0.505,,,,,0.359,0.359,0.359,0.359,0.359,0.359,0.359,,,,,,,,,,,,,,,,,,,0.49,0.602,0.861,0.861,0.861,0.861,,,0.93,0.93,0.93,,,,,,,,,0.603,,,,,,,,,,,,,,,,,,,,,,,,,,,,,,,,,,,,,,,,,,,,,,,,,,,,,,,,,,,,,,,,,,,,,,,,,,,,,,,,,,,,,,,,,,,,,,,,,,,,,,,,,,,,,,,,,,,,,,,,,,,,,,,,,,,,,,,,,,,,,,,,,,
uncharacterized (2) KOG1480,,,,,,,,,,,,,,,,,,,,,,,,,,,,,,,,,,,,,,,,,,,,0.446,0.446,0.446,0.446,0.446,,,,,,,,,,,0.595,0.595,,,,,,0.45,0.45,0.45,0.45,0.45,0.45,,,,,,0.613,0.613,0.613,0.613,0.45,0.45,,,,,,,,,,,,,,,,,,,,,,,,,,,,,,,,,,,,,,,,,,,,,,,,,,,,,,,,,,,,,,,,,,,,,,,,,,,,,,,,,,,,,,,,,,,,,,,,,,,,,,,,,,,,,,,,,,,,,,,,,,,,,,0.45,0.45,,,,,,,,,
Lecithin:cholesterol acyltransferase,,,,,,,,,,,,,,,,,,,0.359,0.359,0.359,0.359,0.359,,,,0.45,0.359,0.359,0.359,0.359,0.359,0.359,0.359,,,,,,,,,0.45,,,,,,0.431,,,,,,,,,,,,,,,0.45,,,,,,,,,0.45,0.45,0.45,0.45,,,,,,,,,,,,,,,,,,,,,,,,,,,,,,,,,,,,,,,,,,,,,,,0.45,,,,,,,,,,,,,,,,,,,,,,,,,,,,,,,,,,,,,,,,,,,,,,,,,,,,,,,,,,,,,,,,,,,,,,,,,,,,,,,,,,,,,,,,,,,,,,,
Low-density lipoprotein receptor do… (15),,,,,,,,,,,0.441,0.441,0.441,0.441,0.441,0.441,0.441,0.441,,,,,,,0.483,0.483,,,,,,,,,,,,,,,,,,0.654,0.654,0.654,0.654,0.654,,,,,,,,,,,,,,,,,0.676,,,,,,,,,,,,,,,,,,,,,,,,,,,,,,,,,,,,,,,,,,,0.397,0.397,0.374,0.374,,,,,,,,,,,,,,,,,,,,,,,,,,,,,,,,,,,,,,,,,,,,,,,,,,,,,,,,,,,,,,,,,,,,,,,,,,,,,,,,,,,,,,,,,,,,,,,,,,,,,,,,,,,
Von Willebrand factor type D (4),,,0.359,0.359,,,,,,,,,,,,,,,0.505,0.505,0.505,,,0.45,,,,0.374,0.374,0.374,0.374,0.374,0.374,0.374,,,,,,,,,,,,,,,,,,,,,0.45,0.45,0.45,0.45,,,,,,,,,,,,,,,,,,,,,,,,,,,,,,,,,,,,,,,,,,,,,,,,,,,,,,,,,,,,,,,,,,,,,,,,,,,,,,,,,,,,,,,,,,,,,,,,,,,,,,,,,,,,,,,,,,,,,,,,,,,,,,,,,,,,,,0.4,0.4,,,,,,0.685,,,,,,,,,,,,,,,,,,,
Reprolysin family zinc metalloprote…,,,,,,,,,,,,,,,,,,,,,,,,0.395,,,,,,,,,,,,,,,,,,,,,,,,,,,,,,,,,,,,,,,,,,,,,,,,,,,,,,,,,,,,,,,,,,,,,,,,,0.45,0.45,0.45,,,,,,,,,,,,,,,,,,,,,,,,,,,,,,,,,,,,,,,,,0.374,0.374,,,,,,,,,,,,,,,,,,,,,,,,,,,,,,,,,,,,,,,,0.595,0.595,0.595,0.595,0.595,0.595,,,,,,,,,,,,,,,,,,,,0.359,0.359,,,0.665,0.665,0.665,0.665,,,,,
Intein splicing (7),,,,,,,,,,,,,,,,,,,0.93,0.93,0.93,,,,0.941,0.941,,,,,,,,,,,,,,,,,,,,,,,,,,,,,,,,,,,,,,,,0.679,0.679,0.679,0.679,0.679,0.679,,,,,,,,,,,,,,,,,,,,,,,,,,,,,,,,,,,,,,,,,,,,,,,,,,,,,,,,,,,,,,,,,,,,,,,,,,,,,,,,,,,,,,,,0.861,0.861,,,,,,,,,0.449,0.449,,,,,,,,,,,,,,,,,,,,,,,,,,,,,,,,,,,,,,,,,,,,,,,,
Laminin EGF-like (2),0.446,0.446,,,,,,,,,0.833,0.833,0.833,0.833,0.833,0.833,0.833,0.833,,,,,,,,,,,,,,,,,,,,,,,,,,,,,,,,,,,,,,,,,,,,,,,0.59,,,,,,,,,,,,,,,,,,,,,,,,,,,,,,,,,,,,,,,,,,,,,,,,,,,,,,,,,,,,,,,,,,,,,0.654,0.654,,,,,,,,,,,,,,,,,,,,,,,,,,,,,,,,,,,,,,,,,,,,,,,,,,,,,,,,,,,,,,,,,,,,,,,,,,,,,,,,,,,
ZU5,,,,,,,,,,,,,,,,,,,,,,,,0.75,,,,,,,,,,,0.45,0.45,0.45,,,,,,,,,,,,,,,,,,,,,,,,,,,,,,,,,,,,,,,,,,,,,,,,,,,,,,,,,,,,,,,,,,,,,,,,,,,,,,,,,,,,,,,,,,,,,,,,,,,,,,0.53,,,,,,,,,,,,,,,,,,,,,,,,,0.669,0.669,0.669,0.669,0.669,,,,,,,,,,,,,,,,,,,,,,,,,,,,,,,,,0.45,,,0.561,0.561,,,,,,,,,,,,,
uncharacterized KOG1055,,,,,0.8,0.8,0.8,,,,,,,,,,,,,,,,,,,,,,,,,,,,,,,,,,,,,,,,,,,,,,,,,,,,,,,,,,,,,,,,,,,,,,,,,,,,,,,,,,,,,,,,,,,,,,,,,,,,,,,,,,,,,,,,,,,,,,,,,,,,,,,,,,,,,,,,,,,,,,,,0.47,0.47,0.47,0.47,0.359,0.359,0.359,0.359,,,,,,,,,,,,,,,,,,,,,,,,,,,,,,,,,,,,,,,,,,,,,,,,,,,,,,,,,,,,
Fibronectin type III (4),0.613,0.613,,,,,,,,,,,,,,,,,,,,,,,,,,,,,,,,,0.648,0.648,0.648,,,,,,,,,,,,,,,,,,,,,,0.938,0.938,,,,,,,,,,,,,,,,,,,,,0.899,0.899,,,,,,,,,,,,,,,,,,,,,,,,,,,,,,,,,,,,,,,,,,,,,,,,,,,,,,0.56,,,,,,,,,,,,,,,,,,,,,,,,,,,,,,,,,,,,,,,,,,,,,,,,,,,,,,,,,,,,,,,,,,,,,,,,,,,,,,,,,,
Nan (3),,,,,,,,,,,,,,,,,,,,,,,,,,,,,,,,,,,,,,0.45,,,,,,,,,,,,,,,,,,,,,,,,,,,,,,,,,,,,,,,,,,,,,,,,,,,,,,,,,,,,,,,,,,,,,,,,,,,,,,,,,,,,,,,,,0.56,0.45,,,,,,,,,,,,,,,,,0.434,0.434,0.434,0.434,0.434,0.434,,,,,,,,,,,,,,,,,,,,,,,,,,,,,,0.91,,,,,,,,,,,,,,,,,,,,,,,,,,,,,,,,,,,,,,
GDSL-like (3),,,0.45,0.45,,,,,,,,,,,,,,,,,,,,,,,0.45,,,,,,,,,,,,,,,,,,,,,,0.431,0.449,0.449,,,,,,,,,,,,,,,,,,,,,,0.45,0.45,0.45,0.45,,,,,,,,,,,,,,,,,,,,,,,,,,,,,,,,,,,,,,,,,,,,,,,,,,,,,,,,,,,,,,,,,,,,,,,,,,,,,,,,,,,,,,,,,,,,,,,,,,,,,,,,,,,,,,,,,,,,,,,,,,,,,,,,,,,,,,,,,,,,,,
Thrombospondin type 1,,,,,,,,,,,0.91,0.91,0.91,0.91,0.91,0.91,0.91,0.91,,,,,,,,,,,,,,,,,,,,0.45,,,,,,,,,,,,,,,,,,,,,,,,,,,,,,,,,,,,,,,,,,,,,,,,,,,,,,,,,,,,,,,,,,,,,,,,,,,,,,,,,,,,,,,,,,,,,,,,,,,,,,,,,,,,,,,,,,,,,,,,,,,,,,,,,,,,,,,,,,,,,,,,,,,,,,,,,,,,,,,,,,,,,,,,,,,,,,,,,,,,
EGF-like (10),,,,,,,,,,,0.441,0.441,0.441,0.441,0.441,0.441,0.441,0.441,,,,,,,,,,,,,,,,,,,,,,,,,,,,,,,,,,,,,,,,,,,,,,,,,,,,,,,,,,,,,,,,,,,,,,,,,,,,,,,,,,,,,,,,,,,,,,,,,,,,,,,,,,,,,,,,,,,,,,,,,,,,,,,,,,,,,,,,,,,,,,,,,,,,,,,,,,,,,,,,,,,,,,,,,,,,,,,,,,,,,,,,,,,,,,,,,,,,,,,,
N-acetyllactosaminide 3-alpha-galac…,,,,,,,,,,,,,,,,,,,,,,,,,,,,,,,,,,,,,,,,,,,,,,,,,,,,0.413,,,,,,,,,,,,,,,,,,,,,,,,,,,,,,,,,,,,,,,,,,,,,,,,,,,,,,,,,,,,,,,,,,,,,,,,,,,,,,,,0.445,,,,,,,,,,,,,,,,,,,,,,,,,,,,,,,,,,,,,,,,,,0.825,0.825,0.825,0.825,0.825,0.825,,,,,,,,,,,,,,,,,,,,,,,,,,,,,,,,,,,,,,,
Phospholipase A(2),,,0.45,0.45,,,,,,,,,,,,,,,,,,,,,,,0.45,,,,,,,,,,,,0.45,0.45,,,,,,,,,,0.449,0.449,,,,,,,,,,,,,0.45,,,,,,,,,,,,,,,,,,,,,,,,,,,,,,,,,,,,,,,,,,,,,,,,,,,,,,,,,,,,,,,,,,,,,,,,,,,,,,,,,,,,,,,,,,,,,,,,,,,,,,,,,,,,,,,,,,,,,,,,,,,,,,,,,,,,,,,,,,,,,,,,,,,,,,,,,,
LBP / BPI / CETP (13),,,0.359,0.359,,,,,,,,,,,,,,,0.359,0.359,0.359,0.374,0.374,,,,,,,,,,,,,,,,,,,,,,,,,,,,,,,,,,,,,,,,,,,,,,,,,,,,,,,,,,,,,,,,,,,,,,,,,,,,,,,,,,,,,,,,,,,,,,,,,,,,,,,,,,,,,,,,,,,,,,,,,,,,,,,,,,,,,,,,,,,,,,,,,,,,,,,,,,,,,,,,,,,,,,,,,,,,,,,,,,,,,,,,,,,,,,,,,,,
CUB (9),,,,,,,,,,,,,,,,,,,,,,,,,,,,,,,,,,,0.437,0.437,0.437,,,,,,,,,,,,,,,,,,,,,,,,,,,,,,,,,,,,,,,,,,,,,,,,,,,,,,,,,,,,,,,,,,,0.364,,,,,,,,,,,,,,0.437,,,,,,,,,,,,,,,,,,,0.389,0.389,,,,,,,,,,,,,,,,,,,,,,,,,,,,,,,,,,,,,,,,,,,,,,,,,,,,,,,,,,,,,,,,,,,,,,,,,,,,,,,,
uncharacterized (2) KOG2352,,,,,,,,,,,,,,,,,,,,,,,,,,,,,,,,,,,,,,,,,,,,,,,,,,,,,,,,,,,,,,,,,,,,,,,,,,,,,,,,,,,,,,,,,0.45,0.45,0.45,0.45,0.45,0.45,,,,,,,,,,,,,,,,,,,,,,,,,,,,,,,,,,,,,0.45,,,,,,,,,,,,,,,,,,,,,,,,,,,,,,,,,,,,,,,,,,,,,,,,,,,,,,,,,,,,,,,,,,,,,,,,,,,,,,,,,,,,,,,
Nan (2),0.45,0.45,,,,,,,,,,,,,,,,,,,,,,,0.545,0.545,,,,,,,,,,,,,,,,,,,,,,,,,,,,,,,,,,,0.679,0.679,0.679,,,,,,,,,,,,,,,,,,,,,,,,,,,,,,,,,,,,,,,,,,,,,,,,,,,,,,,,,,,,,,,,,,,,,,,,,,,,,,,,,,,,,,,,,,,,,,,,,,,,,,,,,,,,,,,,,,,,,,,,,,,,,,,,,,,,,,,,,,,,,,,,,,,,,,,,,,,
DUF148,,,,,,,,0.718,0.718,0.718,,,,,,,,,,,,,,,,,,,,,,,,,,,,,,,,,,,,,,,,,,,,,,,,,,,,,,,,,,,,,,,,,,,,,,,,,,,,,,,,,,,,,0.423,,,,,,,,,,,,,,,,,,,,,,,,,,,,,,,,,,,,,,,,,,,,,,,,,,,,,,,,,,,,,,,,,,,,,,,,,,,,,0.423,0.423,,,,,,,,,,,,,,,,,,,,,,,,,,,,,0.499,,,,,,,,,,,,,,,,
Leucine Rich repeat-containing,,,,,0.593,0.593,0.593,,,,,,,,,,,,,,,,,,,,,,,,,,,,,,,,0.45,0.45,0.899,0.899,,,,,,,,,,,,,,,,,,,,,,,,,,,,,,,,,,,,,,,,,,,,,,,,,,,,,,,,,,,,,,,,,,,,,,,,,,,,,,,,,,,,,,,,,,,,,,,,,,,,,,,,,,,,,,,,,,,,,,,,,,,,,,,,,,,,,,,,,,,,,,,,,,,,,,,,,,,,,,,,,,,,,,,,,,,,,,,,
uncharacterized KOG1008,,,,,,,,,,,,,,,,,,,,,,,,,,,,,,,,,,,,,,,,,,,,,,,,,,,,0.413,,,,,,,,,,,,,,,,,,,,,,,,,,,,,,,,,,,,,,,,,,,,,,,,,,,,,,,,,,,,,,,,,,,,,,,,,,,,,,,,,,,,,,,,,,,,,,,,,,,,,,,,,,,,,,,,,,,,,,,,,,,,,,,,,,,,,,,,,,,,,,,,,,,,,,,,,,,,,,,,,,0.496,0.496,0.496,0.496,0.496
Peptidase C13,,,,,,,,,,,,,,,,,,,,,,,,,,,,,,,,,,,,,,,,,,,,,,,,,,,,,,,,,,,,,,,,,,,,,,,,,,,,,,,,,,,,,,,,,,,,,,,,,,,,,,,,,,,,,,,,,,,,,,,,,,,,,,,,,,,,,,,,,,,,,,,,,,,,,,,,,,,,,,,,,,,,,,,,,,,0.45,,,,,,,,,,,,,,,,,,,,,,,0.364,0.364,0.364,0.364,0.364,,,,,,,,,,,,,,,,,,,,
Laminin EGF-like,0.595,0.595,,,,,,,,,,,,,,,,,,,,,,,,,,,,,,,,,,,,,,,,,,,,,,,,,,,,,,,,,,,,,,,,,,,,,,,,,,,0.938,0.938,0.938,0.938,,,,,,,,,,,,,,,,,,,,,,,,,,,,,,,,,,,,,,,,,,,,,,,,,,,,,,,,,,,,,,,,,,,,,,,,,,,,,,,,,,,,,,,,,,,,,,,,,,,,,,,,,,,,,,,,,,,,,,,,,,,,,,,,,,,,,,,,,,
Leishmanolysin-like peptidase (3),,,,,,,,,,,,,,,,,,,,,,,,,,,,,,,,,,,,,,,,,,,0.359,,,,,,,,,,,,,,,,,,,,,,,,,,,,,,,,,,,,,,,,,,,,,,,,,,,,,,,,,,,,,,,,,,,,,,,,,,,,,0.356,0.356,0.356,,,,,,,,,,,0.4,,,,,,,,,,,,,,,,,,,,,,,,,,,,,,,,,,,,,,,,,,,,,,,,,,,,,,,,,,,,,,,,,,,,,,,,,,,,,,,,,,,,,
Galactose binding lectin (2),0.45,0.45,,,0.365,0.365,0.365,,,,,,,,,,,,,,,,,,,,,,,,,,,,,,,,,,,,,,,,,,,,,,,,,,,,,,,,,,,,,,,,,,,,,,,,,,,,,,,,,,,,,,,,,,,,,,,,,,,,,,,,,,,,,,,,,,,,,,,,,,,,,,,,,,,,,,,,,,,,,,,,,,,,,,,,,,,,,,,,,,,,,,,,,,,,,,,,,,,,,,,,,,,,,,,,,,,,,,,,,,,,,,,,,,,
uncharacterized KOG0096,,,,,0.365,0.365,0.365,,,,,,,,,,,,,,,,,,,,,,,,,,,,,,,,,,0.45,0.45,,,,,,,,,,,,,,,,,,,,,,,,,,,,,,,,,,,,,,,,,,,,,,,,,,,,,,,,,,,,,,,,,,,,,,,,,,,,,,,,,,,,,,,,,,,,,,,,,,,,,,,,,,,,,,,,,,,,,,,,,,,,,,,,,,,,,,,,,,,,,,,,,,,,,,,,,,,,,,,,,,,,,,,,,,,,,,,,
uncharacterized KOG3701,,,,,,,,,,,,,,,,,,,,,,,,,,,,,,,,,,,,,,,,,,,,,,,,,,,,,,,,,,,,,,,,,,,,,,,,,,,,,,,,,,,,,,,,,,,,,,,,,,,,,,,,,,,,,,,,,,,,,,,,,,,,,,,,,,,,,,,,,,,,,,,,,,,,,,,,,,,,,,,,,,,,,,,,,,,,,,,,,,,,,,,,,,,0.359,0.359,0.359,0.359,0.359,,,,,,,,,,,,,,,,,,,,,,,,,,,
Kazal-type serine protease inhibitor,,,,,,,,0.471,0.471,0.471,,,,,,,,,,,,0.4,0.4,,,,,,,,,,,,,,,,,,,,,,,,,,,,,,,,,,,,,,,,,,,,,,,,,,,,,,,,,,,,,,,,,,,,,,,,,,,,,,,,,,,,,,,,,,,,,,,,,,,,,,,,,,,,,,,,,,,,,,,,,,,,,,,,,,,,,,,,,,,,,,,,,,,,,,,,,,,,,,,,,,,,,,,,,,,,,,,,,,,,,,,,,,,,,,,,,,,
ML,,,,,,,,,,,,,,,,,,,,,,,,,,,,,,,,,,,,,,,,,,,,,,,,,,,,,,,,,,,,,,,,,,,,,,,,,,,,,,,,,,,,,,,,,,,,,,,,,,,,,,,,,,,,,,,,0.928,0.928,0.928,0.448,0.448,,,,,,,,,,,,,,,,,,,,,,,,,,,,,,,,,,,,,,,,,,,,,,,,,,,,,,,,,,,,,,,,,,,,,,,,,,,,,,,,,,,,,,,,,,,,,,,,,,,,,,
uncharacterized KOG2091,,,,,,,,,,,,,,,,,,,,,,,,,,,,,,,,,,,,,,,,,,,,,,,,,,,,,,,,,,,,,,,,,,,,,,,,,,,,,,,,,,,,,,,,,,,,,,,,,,,,0.374,0.374,0.374,0.374,,,,,,,,,,,,,,,,,,,,,,,,,,,,,,,,,,,,,,,,,,,,,,,,,,,,,,,,,,,,,,,,,,,,,,,,,,,,,,,,,,,,,,,,,,,,,,,,,,,,,,,,,,,,,,,,,,,
SH3,,,,,,,,0.45,0.45,0.45,,,,,,,,,,,,,,,,,,,,,,,,,,,,,,,,,,,,,,,,,,,,,,,,,,,,,,,,,,,,,,,,,,,,,,,,,,,,,,,,,,,,,,,,,,,,,,,,,,,,,,,,,,,,,,,,,,0.45,,,,,,,,,,,,,,,,,,,,,,,,,,,,,,,,,,,,,,,,,,,,,,,,,,,,,,,,,,,,,,,,,,,,,,,,,,,,,,,,,,,,,,,,,,,,,,
Nan (6),,,,,,,,,,,,,,,,,,,,,,,,,,,,,,,,,,,,,,,,,,,,,,,,,,,,,,,,,,,,,,,,,,,,,,,,,,,,,,,,,,,,,,,,,,,,,,,,,,,,,,,,,0.543,0.448,0.448,,,,,,,,,,,,,,,,,,,,,,,,,,,,,,,,,,,,,,,,,,,,,,,,,,,,,,,,,,,,,,,,,,,,,,,,,,,,,,,,,,,,,,,,,,,,,,,,,,,,,,,,,,,,,,,
CA (3),,,,,,,,,,,,,,,,,,,,,,,,,,,,,,,,,,,,,,,,,,,,,,,,,,,,,0.45,0.45,,,,,,,,,,,,,,,,,,0.45,,,,,,,,,,,,,,,,,,,,,,,,,,,,,,,,,,,,,,,,,,,,,,,,,,,,,,,,,,,,,,,,,,,,,,,,,,,,,,,,,,,,,,,,,,,,,,,,,,,,,,,,,,,,,,,,,,,,,,,,,,,,,,,,,,,,,,,,,,,,,,,,,,
Nan (2),,,,,,,,,,,,,,,,,,,,,,,,,,,,,,,,,,,,,,,,,,,,,,,,,,,,,,,,,,,,,,,,,,,,,,,,,,,,,,,,,,,,,,,,,,,,,,,,0.45,,,,,,,,,,,,,,,,,,,,,,,0.359,,,,,,,,,,,,,,,,,,,,,,,,,,,,,,,,,,,,,,,,,,,,,,,,,,,,,,,,,,,,,,,,,,,,,,,,,,,,,,,,,0.45,,,,,,,,,,,,,,,,,,
Nan (2),,,,,,,,,,,,,,,,,,,,,,,,,,,,,,,,,,,,,,,,,,,,,,,,,,,,,,,,,,,,,,,,,,,,,,,,,,,,,,,,,,,,,,0.359,,,,,,,,,,,,,,,,,,,,,,,,,,,,,,,,,,,,,,,0.45,0.45,,,,,,,,,,,,,,,,,,,,,,,,,,,,,,,,,,,,,,,,,,,,,,,,,,,,,,,,,,,,,,,,,,,,,,,,,,,,,,,,,,,,,,,,,,,,
Nan,,,,,,,,,,,,,,,,,,,,,,,,,,,,,,,,,,,,,,,,,,,,,,,,,,,,,,,,,,,,,,,,,,,,,,,,,,,,,,,,,,,0.45,0.45,0.45,,,,,,,,,,,,,,,,,,,,,,,,,,,,,,,,,,,,,,,,,,,,,,,,,,,,,,,,,,,,,,,,,,,,,,,,,,,,,,,,,,,,,,,,,,,,,,,,,,,,,,,,,,,,,,,,,,,,,,,,,,,,,,,,,,,,,
Nan,,,,,,,,,,,,,,,,,,,,,,,,,,,,,,,,,,,,,,,,,,,,,,,,,,,,,,,,,,,,,,,,,,,,,,,,,,,,,,,,,,,,,,,0.45,0.45,,,,,,,,,,,,,,,,,,,,,,,,,,,,,,,,,,,,,,,,,,,,,,,,,,,,,,,,,,,,,,,,,,,,,,,,,,,,,,,,,,,,,,,,,,,,,,,,,,,,,,,,,,,,,,,,,,,0.617,,,,,,,,,,,,,,,
Ephrin,,,,,,,,0.614,0.614,0.614,,,,,,,,,,,,,,,,,,,,,,,,,,,,,,,,,,,,,,,,,,,,,,,,,,,,,,,,,,,,,,,,,,,,,,,,,,,,,,,,,,,,,,,,,,,,,,,,,,,,,,,,,,,,,,,,,,,,,,,,,,,,,,,,,,,,,,,,,,,,,,,,,,,,,,,,,,,,,,,,,,,,,,,,,,,,,,,,,,,,,,,,,,,,,,,,,,,,,,,,,,,,,,,,
uncharacterized KOG3924,,,,,,,,,,,,,,,,,,,,,,,,,,,,,,,,,,,,,,,,,,,,,,,,,,,,,,,,,,,,,,,,,,,,,,,,,,,,,,,,,,,,,,,,,,,,,,,,,,,,,,,,,,,,,,,,,,,,,0.45,,,,,,,,,,,,0.373,0.373,,,,,,,,,,,,,,,,,,,,,,,,,,,,,,,,,,,,,,,,,,,,,,,,,,,,,,,,,,,,,,,,,,,,,,,,,,,,,,,,,,,,,,,,
uncharacterized KOG4195,,,,,,,,,,,,,,,,,,,,,,,,,,,,,,,,,,,,,,,,,,,,,,,,,,,,,,,,,,,,,,,,,,,,,,,,,,,,,,,,,,,,,,,,,,,,,,,,,,,,,,,,,,,,,,,,,,,,,,,,,,,,,,,,,,,,,,,,,,,,,,,,,,,,,,,,,,,,,,,,,0.45,0.45,0.45,,,,,,,,,,,,,,,,,,,,,,,,,,,,,,,,,,,,,,,,,,,,,,,,,,,,,,,
uncharacterized KOG4459,,,,,,,,,,,,,,,,,,,,,,,,,,,,,,,,,,,,,,,,,,,,,,,,,,,,,,,,,,,,,,,,,,,,,,,,,,,,,,,,,,,,,,,,,,,,,,,,,,,,,,,,,,,,,,,,,,,,,,,,,,,,,,,,,,,,,,,,,,,,,,0.45,0.45,0.45,,,,,,,,,,,,,,,,,,,,,,,,,,,,,,,,,,,,,,,,,,,,,,,,,,,,,,,,,,,,,,,,,,,,,,,,,,
