Tissue,Cell type,UNC5CL,UNC5D,LCAT,PLA2G15,GNG11,GNG12,GNG5,EGFR,ERBB2,ERBB3,ITGB1,ITGB2,ITGB3,ITGB4,ITGB5,ITGB6,ITGB7,ITGBL1,APLP2,APP,PODXL2,APOB,LOC400499,AFDN,PTCH1,PTCH2,PLD5,BPIFB1,BPIFB2,BPIFB3,BPIFB6,BPIFC,LBP,PLTP,ROBO1,ROBO2,ROBO4,CASK,GNA14,GNA15,GNAL,GNAS,DGKZ,LAMA1,LAMB1,LAMB2,LAMB3,NTN4,XPR1,ATRN,ATRNL1,FUT11,PSEN1,PSENEN,SORCS1,SORCS3,SORL1,SORT1,NTN3,NTNG1,DHH,IHH,SHH,PLB1,DAG1,GPC1,GPC2,GPC3,GPC4,GPC5,GPC6,APH1A,PLA2G10,PLA2G1B,PLA2G2A,PLA2G5,DCC,IGDCC3,IGDCC4,NEO1,PTK2,PTK2B,ADGRB1,ADGRB3,ADGRD1,TM4SF19,IFNAR1,IL10RB,VAMP1,VAMP2,VAMP3,VAMP4,VAMP5,VAMP8,VGF,GRIN2D,FAT1,FAT2,FAT3,GNLY,PSAP,PSAPL1,SFTPB,LGMN,ENTPD5,ENTPD1,ENTPD8,ARHGAP12,ARHGAP15,TINAG,TINAGL1,NPC1,NPC1L1,SCAP,PTCHD4,SMPDL3A,PLOD2,INPP5A,STXBP6,CLRN2,CLRN3,DOCK2,DAGLB,ATG9A,DPP7,PRCP,RYR3,CACNA1G,CYBA,PDPN,SNAP23,DCUN1D3,B2M,AGRN,HSPG2,ARHGEF12,FARP1,FARP2,RAPGEF2,SPOCK1,SPOCK2,TJP1,TJP2,TJP3,SLCO1A2,SLCO2A1,SLCO2B1,SLCO3A1,SLCO4A1,SLCO4C1,GABRA2,GABRA4,GABRA6,GABRE,GABRB1,GABRB3,GABRP,GABRR2,DISP1,DISP2,TRPV2,TRPV4,TRPV6,CTNNA1,CTNNA2,CTNNA3,CTNNAL1,VCL,LMBR1,LMBR1L,C2ORF66,SLC18A2,SLC18B1,CD36,LYZ,LYZL1,LYZL2,SCARB1,SCARB2,CACNB1,EFNA1,EFNA2,EFNA4,EFNA5,EFNB1,EFNB2,ABI3BP,ATP1B1,ATP1B3,ATP1B4,FNDC1,SPARC,SPARCL1,CUBN,MFRP,NRP1,PCOLCE,PCOLCE2,MTTP,GRIN1,CRTAP,IGF2R,SOCS6,SPRED1,SPRED2,BNIP5,GLMP,ADGRL1,ADGRL2,TIMP1,TIMP2,TIMP3,TIMP4,C16ORF89,CD68,LAMP1,LAMP2,LAMP3
skin,fibroblasts,,,12.1,,205.5,117.8,72.2,59.4,16.6,1.8,443.0,,,4.6,144.3,,,,294.7,438.6,,,,23.2,,,,,,,,,,278.5,64.4,,,,,6.9,,266.3,,,34.0,231.7,4.1,,,15.3,,,35.7,66.3,,,,2.6,,6.1,1.8,,,,34.3,43.8,2.0,,,0.4,,77.0,,,,11.0,5.7,,,24.7,34.0,4.0,,,,,35.5,5.4,,202.9,45.5,,183.6,14.8,,,33.2,0.7,,,1438.9,0.2,,50.6,,,,82.5,,,,7.5,,13.1,0.3,41.3,,8.6,,,,,,0.4,197.4,138.0,,,333.5,,61.0,,9353.0,6.1,156.5,71.2,57.7,20.2,20.7,,,56.2,6.6,,,,,39.8,,,0.4,,,26.3,,,,,,,12.1,,,76.6,,,59.8,92.4,,29.8,0.4,,,,21.1,,,5.6,99.4,24.0,19.4,,12.2,,21.8,22.3,282.3,17.4,134.6,,,2726.4,362.2,,,,826.6,,,,189.7,43.7,,,31.5,,40.7,,,1518.8,2073.0,801.2,,,10.3,336.3,162.4,
skin,endothelial cells,,,7.3,,1546.3,165.7,108.2,14.1,10.1,4.0,341.6,,,98.6,20.2,,,,264.3,492.8,,,,90.2,,,,,,,,,,21.2,33.6,,,,,6.1,,640.3,,,32.9,85.4,2.6,,,9.1,,,26.1,70.8,,,,12.1,,3.0,5.1,,,,25.3,4.0,0.7,,,,,81.8,,,,,1.0,,,13.1,76.8,24.9,,,,,83.1,3.7,,239.3,124.8,,352.6,30.9,0.2,,25.3,0.2,,,355.6,,,34.2,,,,19.2,,,,11.5,,9.1,2.9,14.1,,17.2,,,,,,0.6,68.7,244.1,,,187.6,,110.6,,15889.9,27.0,110.6,117.5,27.0,7.1,54.6,,,171.8,5.8,,,,,92.0,,,2.8,,,19.7,,,1.0,,,,12.1,,,124.6,,,203.1,113.2,,39.4,1.0,,,,21.2,,,74.4,100.0,2.2,211.7,,8.8,,19.2,185.1,147.5,15.2,247.6,,,968.2,2148.9,,,,62.7,,,,169.4,42.4,,,41.4,,28.5,,,556.3,355.6,808.9,,,8.0,132.9,69.8,
skin,suprabasal keratinocytes,,,3.6,,16.1,215.5,121.5,97.3,21.2,36.4,188.6,,,16.9,19.8,,,,96.8,98.7,,,,77.0,,,,,,,,4.6,,34.1,35.3,,,,,87.3,,127.5,,,8.6,13.9,34.7,,,6.2,,,31.8,41.0,,,,1.8,,0.8,0.5,,,,13.1,54.8,3.6,,,,,79.9,,,,,,,,27.0,26.0,35.6,,,,,46.9,1.3,,152.4,47.3,,17.9,311.3,1.8,,51.4,23.6,,,148.8,3.9,,12.9,,,,18.3,,,,11.6,,12.3,,75.8,,6.2,,,,,,0.4,52.3,30.5,,,29.3,,35.2,,7926.9,6.1,9.2,91.0,2.2,17.7,20.9,,,56.1,6.5,,,,,68.5,,,,,,10.7,,,,,,,0.8,,,78.8,,,29.7,112.8,,13.4,0.1,,,,11.5,,,3.5,35.1,1.5,220.0,,34.4,,128.3,87.7,6.5,24.4,441.9,,,47.3,14.0,,,,10.8,,,0.1,45.9,48.7,,,17.7,,11.9,,,60.6,25.4,21.0,,,0.8,190.5,140.4,
skin,basal keratinocytes,,,11.4,,27.5,218.2,117.7,100.1,17.8,15.9,775.8,,,71.0,17.5,,,,115.0,204.8,,,,77.4,,,,,,,,,,36.1,36.1,,,,,60.3,,122.6,,,13.4,27.0,167.4,,,6.4,,,29.1,32.4,,,,1.7,,0.2,0.2,,,,17.1,55.9,2.3,,,,,62.6,,,,,,,,14.0,36.1,46.0,,,,,51.2,1.4,,104.5,44.8,,32.6,247.1,1.0,,112.5,20.6,,,178.8,0.2,,23.5,,,,26.0,,,,10.3,,12.0,0.4,54.5,,5.0,,,,,,0.4,61.3,23.9,,,51.4,,56.2,,7282.6,17.5,24.8,109.4,6.0,14.9,22.5,,,35.5,7.0,,,,,39.0,,,,,,19.4,,,,,,,2.9,,,78.7,,,132.1,131.5,,10.7,0.8,,,,11.6,,,4.1,22.5,2.1,112.3,,21.7,,143.9,104.9,9.9,57.2,539.2,,,108.2,20.0,,,,12.0,,,,52.8,49.1,,,41.5,,9.9,,,117.7,48.1,39.2,,,1.4,142.7,114.2,
skin,langerhans cells,,,4.8,,48.9,14.3,208.5,4.5,4.8,2.4,212.0,,,2.8,11.9,,,,236.5,79.3,,,,57.6,,,,,,,,,,60.7,6.3,,,,,241.0,,487.3,,,3.8,21.0,43.7,,,16.7,,,55.9,86.8,,,,15.5,,0.3,2.4,,,,3.8,4.8,0.3,,,0.7,,110.6,,,,,,,,2.4,14.3,39.1,,,,,62.9,8.7,,121.3,74.9,,61.9,687.5,0.7,,3.1,0.3,,,798.2,,,59.7,,,,9.8,,,,5.2,,8.3,,7.3,,16.8,,,,,,0.3,127.3,143.6,,,1679.6,,138.0,,16302.1,9.8,14.7,25.0,9.4,11.9,19.6,,,8.4,3.1,,,,,146.0,,,,,,1.4,,,,,,,19.9,,,85.2,,,29.7,58.3,,55.9,0.3,,,,5817.2,,,15.5,30.9,4.8,7.3,,8.3,,19.9,7.7,15.0,938.2,901.5,,,154.4,30.4,,,,27.2,,,,116.6,38.8,,,95.7,,15.5,,,3270.1,129.6,57.3,,,91.5,45.2,85.9,
skin,smooth muscle cells,,,10.5,,182.8,149.8,56.3,27.0,16.4,1.4,858.6,,,4.0,41.2,,,,420.2,215.3,,,,21.9,,,,,,,,,,36.4,73.1,,,,,6.3,,244.1,,,10.5,146.4,3.4,,,11.0,,,21.8,51.8,,,,40.9,,1.6,0.8,,,,27.5,24.3,2.4,,,,,42.9,,,,5.7,0.5,,,12.1,179.6,2.4,,,,,33.2,3.2,,254.7,89.0,,178.7,19.7,,,98.7,,,,314.2,,,78.0,,,,24.3,,,,11.6,,25.6,1.0,12.9,,58.5,,,,,,1.0,64.7,31.8,,,184.4,,65.5,,11534.1,21.8,208.3,80.4,26.7,19.4,25.0,,,239.4,10.5,,,,,84.1,,,,,,11.0,,,,,,,22.6,,,101.6,,,57.8,310.6,,51.5,0.8,,,,29.9,,,3.9,49.3,17.8,163.7,,8.7,,10.6,62.1,18.8,54.8,1265.5,,,1167.9,996.8,,,,247.5,,,,178.2,84.0,,,23.5,,18.6,,,543.5,303.3,875.1,,,1.6,133.4,63.9,
skin,t-cells,,,1.4,,28.4,10.5,64.8,4.2,1.8,1.4,422.0,,,3.2,6.7,,,,63.1,38.2,,,,14.0,,,,,,,,,,6.3,3.9,,,,,64.1,,240.1,,,3.5,17.5,3.2,,,4.9,,,20.3,75.7,,,,1.8,,,,,,,5.3,3.2,,,,,,61.7,,,,0.4,0.7,,,8.8,7.4,23.1,,,,,29.8,5.6,,301.4,17.2,,78.2,280.4,2.5,,2.8,0.7,,,161.9,,,7.4,,,,12.3,,,,13.0,,12.3,0.4,3.5,,5.6,,,,,,0.4,117.1,28.7,,,925.6,,39.3,,21165.4,6.0,9.8,21.4,7.4,7.0,13.0,,,5.6,1.8,,,,,50.8,,,,,,2.1,,,,,,,16.8,,,28.0,,,28.4,21.7,,37.9,1.1,,,,35.0,,,0.4,21.0,15.1,6.0,,17.2,,9.8,6.0,6.3,130.7,328.7,,,81.0,32.6,,,,28.4,,,,27.7,43.8,,,8.8,,8.4,,,332.3,66.2,30.5,,,2.8,89.7,33.3,
skin,macrophages,,,2.2,,50.1,36.8,100.3,3.3,4.5,2.2,196.1,,,3.3,37.9,,,,336.5,65.7,,,,26.7,,,,,,,,,,304.2,5.6,,,,,144.9,,314.2,,,1.1,21.2,8.9,,,14.5,,,49.0,66.9,,,,6.7,,,2.2,,,,4.5,1.1,,,,1.1,,79.1,,,,1.1,,,,8.9,14.5,20.1,,,,,44.6,5.6,,119.2,93.6,,51.3,449.1,,,2.2,1.1,,,2122.7,,,1112.1,,,,13.4,,,,14.5,,14.5,,40.1,,7.8,,,,,,1.1,127.0,70.2,,,1234.6,,73.5,,7082.4,6.7,6.7,29.0,24.5,12.3,14.5,,,5.6,2.2,,,,,62.4,,,,,,2.2,,,,,,,24.5,,,105.9,,,13.4,32.3,,15.6,,,,,668.6,,,31.2,73.5,2.2,4.5,,6.7,,32.3,7.8,18.9,468.0,406.7,,,88.0,17.8,,,,22.3,,,,138.2,34.5,,,24.5,,30.1,,,819.0,239.6,30.1,,,123.7,248.5,196.1,
lung,alveolar cells type 2,3.7,,3.9,11.1,13.9,35.5,120.4,92.4,43.5,87.3,213.2,127.8,,5.7,8.3,152.0,0.9,0.9,684.7,81.6,,0.2,,80.9,,,0.6,85.2,,,,,,144.5,4.1,1.0,2.8,,1.5,33.3,5.7,858.8,,1.9,1.9,43.8,67.9,213.8,,15.8,,8.5,20.6,49.1,0.2,,34.5,55.0,,0.1,0.3,,,3.7,42.8,13.9,,6.2,53.8,4.8,0.2,74.2,,268.5,3.2,,22.1,,,18.4,39.2,38.1,,,38.8,5.6,65.8,4.6,,200.9,76.9,12.7,44.5,579.7,0.2,0.1,37.2,,,11.8,743.7,,14141.5,258.6,,2.8,0.1,27.1,9.3,,9.9,107.0,,22.2,,14.5,23.8,11.6,4.8,,0.9,40.7,13.3,0.6,159.3,16.7,0.1,,937.2,7.0,41.7,,4951.0,33.3,46.4,73.4,53.4,11.3,32.7,0.9,13.0,79.6,5.9,35.3,,5.6,50.9,57.8,,76.0,,,,8.0,,3.7,,,,,31.5,,,224.4,,0.1,74.7,91.3,11.5,17.0,,,9.3,266.2,1285.4,,,12.9,116.6,,127.1,1.0,,15.5,3.7,43.4,1.2,533.8,172.3,,,17.6,25.0,,0.1,15.3,1.9,35.2,,,64.8,77.0,,30.9,20.8,,23.2,16.4,4.6,591.8,172.3,37.3,,587.8,19.4,202.8,120.4,664.7
lung,macrophages,1.6,,1.7,100.2,11.8,28.7,112.9,2.4,3.3,2.0,318.8,1204.4,,1.2,50.4,3.7,12.3,0.2,897.4,96.8,,0.5,,58.0,,,,6.0,,,,,,332.9,0.9,0.1,2.1,,0.6,148.6,1.2,1531.4,,3.0,8.3,17.2,4.9,2.0,,18.2,,19.1,63.1,69.8,0.1,,148.5,175.1,,0.2,0.3,,,22.4,10.3,3.4,,0.6,13.2,0.3,0.1,123.0,,5.9,0.6,0.1,,,,0.9,9.8,109.0,,,2.8,21.2,115.6,9.5,,164.8,98.4,33.9,249.4,921.4,0.7,2.5,1.0,,,10.7,2162.3,,478.1,378.9,,179.6,0.2,11.2,32.7,,4.2,91.7,,23.5,,45.2,6.4,9.0,6.3,,0.4,157.9,26.7,0.7,313.0,102.5,0.2,2.5,3394.0,12.8,73.6,,15002.5,10.0,7.6,9.7,57.6,13.3,21.6,2.8,7.4,5.2,1.4,0.8,,4.9,314.7,90.7,,5.8,,1.0,,0.5,0.1,0.4,,,,,256.9,,,154.7,,,21.8,66.3,13.8,51.9,,,15.9,342.2,5397.2,,,23.9,226.6,,8.6,0.2,,0.4,24.8,7.2,1.1,520.1,706.8,,,155.9,15.9,,,108.8,5.7,203.3,,,112.3,182.7,,135.5,10.1,,84.8,2.1,5.7,1755.6,650.5,32.9,,5.2,95.0,548.5,415.7,23.2
lung,ciliated cells,2.1,,13.9,7.5,51.6,95.9,84.5,48.0,100.5,90.6,204.2,27.7,,121.0,19.2,32.8,1.2,,242.3,205.1,,0.4,,197.7,,,,1823.4,,,,,,118.0,10.7,0.6,,,28.2,47.2,16.5,1106.4,,0.4,44.3,29.5,116.9,66.9,,20.9,,15.2,33.6,1467.0,0.2,,36.9,45.1,,0.2,0.4,,,3.9,42.9,110.7,,57.5,17.0,0.2,0.4,66.4,,42251.4,4.3,,0.2,,,23.2,44.3,18.5,,,1.8,0.2,61.5,14.8,,95.9,28.2,13.3,72.7,904.9,,0.1,69.1,,,2.7,428.8,,572.1,29.5,,7.4,2.1,27.9,0.7,,41.8,23.0,,32.8,,14.8,59.1,14.8,14.8,,,2.9,7.4,0.4,141.7,22.1,3.5,0.4,1112.5,8.6,51.6,,13810.7,69.3,86.1,54.0,83.7,24.9,22.6,3.5,4.9,59.0,11.1,130.5,,2.6,9.3,44.1,,3.7,,,,16.0,,17.9,,,,,14.8,,,238.4,7.4,0.2,55.5,57.0,14.8,10.5,2.1,,43.2,7.4,100.5,,,14.8,103.3,,80.0,0.4,,28.7,13.5,12.3,8.2,486.8,101.7,,,15.6,14.5,,,29.5,9.5,7.4,,,14.8,59.0,,13.9,7.7,,26.3,12.7,13.1,125.5,59.0,15.0,,47.1,4.1,95.9,115.3,14.8
lung,club cells,2.1,,3.9,8.4,3.3,56.2,183.7,83.1,104.5,97.8,313.6,46.3,,83.9,24.0,54.4,4.3,0.8,554.4,372.0,,2.0,,54.9,,,,16342.5,,,,,,16.7,15.1,1.4,0.8,,2.7,84.1,17.4,827.3,,0.4,6.8,67.5,291.3,82.6,,20.7,,30.3,36.9,292.0,0.1,,67.1,35.9,,0.8,0.2,,,2.3,34.6,64.3,,14.8,15.4,,2.0,105.9,,2.0,40.6,,0.1,,,19.6,88.3,15.6,,,2.2,0.3,114.3,8.4,,223.6,39.5,31.1,157.1,1556.8,0.2,0.1,75.7,,,3.5,608.4,,1974.6,73.1,,1.9,2.9,29.8,1.4,,72.5,40.4,,26.5,,18.2,115.2,6.7,42.9,,,6.1,8.8,0.4,119.4,47.6,0.3,,1615.1,10.9,46.7,,13820.8,101.4,75.9,59.4,72.9,14.0,12.9,3.9,6.4,57.3,9.0,96.4,,8.4,11.4,20.8,,14.8,,,,65.0,,3.0,,,,,14.7,,,196.2,,0.1,15.2,108.7,10.4,17.2,0.8,,41.2,33.8,2392.9,,,17.7,91.6,,134.0,0.4,,47.6,23.6,34.4,8.1,785.2,515.0,,,19.1,21.6,,,22.4,17.4,7.3,,,35.4,66.1,,15.1,14.7,,55.0,7.8,9.1,806.6,39.0,40.3,,179.5,18.9,114.1,325.3,4.9
lung,alveolar cells type 1,4.0,,10.1,6.4,13.6,60.6,97.8,187.1,73.0,53.1,563.9,3.2,,39.3,28.9,101.4,,6.3,725.2,140.3,,0.2,,193.0,,,0.6,29.4,,,,,,3.6,4.4,0.5,2.3,,0.2,6.8,1.8,919.2,,0.5,5.0,82.3,249.4,19.9,,23.9,,20.9,25.4,34.0,,,5.4,62.8,,0.5,0.1,,,0.1,78.6,33.6,,10.0,25.9,11.9,1.0,50.2,,22.3,0.1,0.5,0.5,,,23.6,42.7,5.6,,,26.5,0.1,73.0,3.9,,101.6,63.8,11.8,38.5,817.8,0.1,0.1,50.3,,,1.7,227.7,,6728.1,41.5,,1.8,,21.3,0.5,,77.2,27.2,,28.6,,2.7,29.2,13.1,57.1,,,0.5,34.6,1.0,72.0,14.1,0.3,,58.8,93.4,68.0,,3804.7,71.5,172.9,76.0,118.9,16.7,45.6,,748.7,238.1,12.9,6.8,,23.5,4.1,89.7,,2.2,,,,9.5,,4.3,,,,,0.6,,,413.6,,,59.7,287.3,17.4,4.5,,,5.9,3.6,13.1,,,1.7,129.0,,261.8,0.1,,0.5,2.2,50.8,69.1,302.4,394.0,,,58.4,25.8,,,2.0,6.7,0.9,,,43.4,72.2,,98.4,36.0,,10.5,9.9,5.0,223.6,168.7,2044.7,,23.3,1.1,190.0,83.6,30.3
lung,fibroblasts,0.6,,9.0,7.3,75.0,59.6,56.9,49.3,13.4,5.3,442.9,17.5,,7.3,51.4,5.5,0.3,66.0,340.4,107.4,,,,39.7,,,0.3,12.6,,,,,,105.4,16.1,14.3,3.8,,0.3,3.2,8.5,564.3,,1.8,241.4,49.0,11.7,13.7,,9.6,,14.3,12.3,39.4,,,9.3,23.6,,13.4,,,,0.3,27.4,30.4,,347.1,5.5,0.3,18.7,45.0,,4.1,791.4,11.4,0.3,,,11.7,29.5,10.5,,,27.7,,44.7,1.8,,95.2,34.2,12.8,160.6,94.0,,0.6,18.7,,,0.6,270.9,,543.3,45.5,,5.8,,16.6,5.5,,21.3,10.8,,17.8,,24.8,52.8,12.6,10.5,,,2.0,3.2,0.6,96.3,34.2,0.6,0.6,200.8,54.6,26.0,,2295.4,5.0,59.3,37.4,24.8,7.9,8.8,21.3,19.3,59.6,6.4,0.6,,2.6,4.4,47.3,,1.8,,,,12.0,,1.2,,,,,15.2,,,96.0,,0.3,47.6,68.6,6.7,10.2,0.3,,5.0,9.3,63.3,,,5.8,159.1,,13.7,,,7.3,12.6,9.3,101.6,48.2,201.1,,,346.2,886.6,,,102.8,220.1,76.8,,,71.8,36.2,,24.2,15.5,,10.5,6.1,12.0,6493.7,168.2,1192.5,,21.6,5.5,124.9,71.5,10.8
lung,endothelial cells,0.5,,6.1,7.3,1334.2,125.7,176.1,29.0,14.6,3.0,867.3,14.1,,100.2,27.0,7.7,2.6,1.1,228.6,915.2,,,,146.7,,,,21.4,,,,,,61.1,11.5,,227.6,,38.7,3.0,14.5,905.6,,0.2,70.9,136.8,12.5,32.9,,17.2,,40.7,25.1,41.0,,,9.7,28.0,,6.1,30.5,,,1.0,49.0,8.1,,2.4,2.4,1.6,0.2,95.5,,14.9,0.3,8.9,0.6,,,19.3,69.0,12.0,,,3.6,0.5,106.5,3.6,,187.4,130.0,24.0,773.3,190.3,1.0,,17.6,,,11.5,223.4,,972.0,45.8,,161.3,,17.5,1.6,,254.4,26.5,,28.0,,7.1,33.6,30.3,219.3,,0.5,3.2,9.7,0.9,104.7,201.0,2.1,,154.7,515.6,107.5,,10964.1,31.3,382.7,151.1,38.7,17.7,39.2,0.5,38.7,151.7,15.3,1.4,,598.0,106.3,56.3,,1.2,,0.6,,24.2,,1.6,,,,,25.3,,,191.6,,,430.7,206.7,33.8,36.0,,,17.7,186.9,52.2,,,13.7,117.6,,120.8,,,98.3,143.7,906.3,233.9,34.5,415.2,,,1161.1,2024.2,,,139.2,2.6,2.1,,,72.5,49.6,,32.7,20.7,,14.6,12.2,279.3,3153.1,209.5,3731.4,,6.5,2.1,184.4,96.7,22.0
lung,basal respiratory cells,1.0,,6.5,8.8,6.4,59.2,154.3,113.2,49.9,39.2,1034.2,16.1,,315.4,48.9,339.5,2.1,4.4,690.6,754.0,,,,29.2,,,,1196.0,,,,,,99.6,31.2,1.0,0.5,,0.7,78.3,13.8,145.6,,3.0,48.5,47.2,559.4,36.0,,25.7,,37.3,28.7,223.7,,,63.9,21.0,,0.6,,,,1.0,36.9,98.1,,52.5,24.6,,13.3,115.6,,0.6,8.2,,,,,25.5,33.6,40.4,,,,0.3,90.8,5.4,,214.8,42.9,23.3,158.4,1139.2,0.2,0.2,149.9,,,,1305.5,,0.8,48.9,,0.1,0.8,24.0,0.4,,485.4,23.8,,21.5,,25.9,213.3,2.2,0.3,,,0.3,12.0,0.5,121.3,83.9,0.9,,756.4,158.1,35.3,,11634.3,92.0,115.6,59.2,19.7,9.4,7.9,69.5,7.4,39.8,3.9,39.0,,8.2,,23.8,,3.0,,,,43.7,,1.7,,,,,0.4,,,159.2,0.2,,87.6,95.3,10.1,15.5,0.9,,36.8,45.5,2.2,,,10.3,112.0,,156.2,0.2,,26.5,88.9,33.0,20.9,644.5,970.9,,,253.6,1.0,,,26.6,5.9,1.5,,,48.0,55.4,,12.0,14.2,,80.3,5.1,23.7,1392.6,18.5,75.1,,0.9,4.9,139.0,472.5,3.4
small intestine,undifferentiated cells,11.6,9.9,,4.2,,61.2,184.6,,87.8,160.0,100.3,0.1,,42.6,10.4,12.6,,,136.9,168.1,42.0,96.6,0.1,66.8,6.7,12.6,,,,,,,,4.2,9.8,,,54.4,,0.1,1.3,270.9,50.4,,23.6,4.2,20.4,16.8,,23.0,,8.4,44.5,64.4,,0.1,46.6,39.4,,,0.5,,,8.4,32.1,,1.0,,21.0,,0.2,122.8,37.8,,82940.6,,,,,44.7,28.2,16.2,,,,,33.6,21.2,,113.4,44.0,,8.4,226.0,,0.1,30.2,,0.2,,184.8,,,33.1,27.6,,67.2,23.1,,,67.2,4.3,0.2,29.4,,61.3,31.9,10.9,108.6,,48.5,,,0.6,79.8,22.1,0.1,,566.3,,42.7,,4099.8,4.9,,42.3,,29.4,12.6,,,22.4,25.2,48.5,,,26.9,,,,5.8,3.3,,16.8,,,0.9,,21.0,,,,0.4,109.2,,0.2,,23.8,,13.6,,,25.2,1.3,30044.1,,,6.3,54.9,,168.0,25.6,39.4,0.2,24.0,26.8,1.8,504.1,154.9,,,,,12.6,,2.9,0.4,,76.2,,42.6,,27.2,,,54.6,16.7,12.6,4.2,12.6,1.7,0.2,3.1,0.2,42.7,114.7,36.2,
small intestine,proximal enterocytes,42.8,3.1,,3.7,,308.6,399.3,,112.6,266.2,105.5,4.0,,92.8,18.7,11.9,0.2,,381.9,120.6,27.3,1880.1,0.3,69.6,4.5,17.3,,,,,,,,3.7,8.9,,,43.1,,,2.3,403.8,110.1,,21.5,19.4,125.1,7.4,,35.9,,3.7,75.1,140.8,,,194.9,72.6,,,1.0,,,222.1,23.1,,,,5.8,,,97.1,19.1,,837.1,,,,,50.4,32.4,53.2,,,,,48.6,67.2,,217.5,82.3,,164.3,1423.9,,0.3,85.3,,,,369.2,,,204.5,106.4,,216.1,28.1,,,56.5,8.7,8.9,38.3,,533.1,66.8,14.9,106.5,,176.5,,,3.7,134.0,4.7,,,917.6,,66.1,,24332.4,11.7,,56.1,,19.1,7.8,,,39.6,38.8,151.0,,,52.4,,,,49.0,0.2,,24.7,,,,,63.2,,,,0.5,172.9,,0.5,,17.6,,67.2,,0.3,11.3,13.0,103.6,,,20.1,151.5,,282.0,71.0,44.6,,36.7,24.1,0.2,821.0,549.8,,,,,332.4,,5.4,0.2,,799.2,,24.3,,38.1,,,107.7,55.2,6.8,,1.7,19.7,0.2,4.0,,223.7,356.2,129.8,
small intestine,intestinal goblet cells,10.8,4.7,,17.0,,69.4,168.0,,114.8,289.8,97.9,0.7,,122.6,23.9,23.9,,,203.5,190.4,18.7,107.9,1.5,85.6,13.9,5.4,,,,,,,,0.7,7.3,,,38.7,,1.3,,256.7,40.1,,10.0,3.3,97.9,67.1,,10.0,,4.6,43.9,95.6,,,205.0,40.9,,,,,,11.6,36.7,,1.3,,18.0,,0.7,93.3,274.4,,708.1,,,,,47.3,30.0,44.7,,,,,37.0,47.8,,244.3,40.0,,111.0,721.5,,0.8,67.8,,,,194.2,,,21.3,134.1,,487.1,93.3,,,18.7,5.4,,42.4,,141.8,20.0,10.0,107.1,,109.5,,,3.1,40.9,27.3,,,480.1,,124.9,,13713.9,12.3,,59.4,,61.7,13.1,,,47.0,32.4,84.8,,,6.7,,,,6.0,0.7,,10.8,,,1.3,,46.2,,,,,200.4,,1.5,,24.0,,13.9,,,15.3,0.8,64.0,,,8.0,191.9,,134.1,29.3,26.7,0.8,24.7,37.8,1.5,264.7,68.7,,,,,8.5,,2.7,0.8,,30.1,,40.0,,71.7,,,121.8,30.8,6.2,,39.3,67.1,,3.1,,18.0,176.5,48.6,
small intestine,enteroendocrine cells,3.4,,,3.4,,61.8,120.2,,27.5,140.8,85.8,,,3.4,20.6,,,,82.4,92.7,79.0,20.6,,58.4,3.4,17.2,,,,,,,,,3.4,,,37.8,,3.4,,281.5,65.2,,6.9,3.4,,6.9,,6.9,,,10.3,51.5,,,30.9,17.2,,,,,,3.4,20.6,,3.4,,,,,51.5,82.4,,58.4,,,,,27.5,6.9,27.5,,,,,10.3,27.5,,233.4,37.8,,44.6,192.3,,,10.3,,,,209.4,,,30.9,10.3,,13.7,6.9,,,3.4,6.9,,17.2,,37.8,20.6,6.9,65.2,,61.8,,,,85.8,20.6,,,288.4,,44.6,,4978.0,20.6,,34.3,,24.0,,,,17.2,3.4,17.2,,,17.2,,,,30.9,,,,,,,,20.6,,,,,72.1,,,,17.2,,34.3,,6.9,27.5,3.4,27.5,,,13.7,75.5,,34.3,,3.4,3.4,20.6,27.5,3.4,216.3,92.7,,,,,,,6.9,,,6.9,,3.4,,20.6,,,44.6,17.2,6.9,,144.2,,,13.7,,17.2,103.0,37.8,
small intestine,paneth cells,3.5,,,3.5,,65.6,169.2,,44.9,207.2,114.0,,,41.4,6.9,20.7,,,152.0,120.9,17.3,69.1,,51.8,,3.5,,,,,,,,,10.4,,,27.6,,,,169.2,44.9,,10.4,34.5,62.2,,,20.7,,,58.7,120.9,,,100.2,17.3,,,,,,6.9,20.7,,,,,,,48.4,69.1,,69.1,,,,,41.4,20.7,51.8,,,,,31.1,34.5,,193.4,31.1,,86.3,535.3,,,20.7,,,,231.4,,,51.8,31.1,,41.4,24.2,,,6.9,13.8,,24.2,,65.6,24.2,,107.1,,82.9,,,,69.1,13.8,,,1143.2,,69.1,,11045.4,6.9,,51.8,,38.0,17.3,,,24.2,20.7,120.9,,,27.6,,,,,,,,,,,,38.0,,,,,82.9,,,,3.5,,24.2,,,6.9,,348.8,,,,76.0,,110.5,24.2,48.4,,44.9,20.7,6.9,604.4,48.4,,,3.5,,,,,3.5,,58.7,,6.9,,24.2,,,31.1,31.1,20.7,,,6.9,,6.9,,86.3,158.9,76.0,
small intestine,mixed immune cells,,,,,,12.1,60.4,,12.1,12.1,96.7,,,,,,48.3,,24.2,,,84.6,,,,12.1,,,,,,,,,,,,,,,,48.3,36.3,,,,,,,,,12.1,24.2,72.5,,,,12.1,,,,,,,12.1,,,,,,,12.1,12.1,,24.2,,,,,,,72.5,,,,,48.3,,,193.4,24.2,,72.5,229.6,,,,,,,84.6,,,,,,,12.1,60.4,,,,,,,24.2,,,,,,,,,84.6,12.1,,,217.5,,,,13317.7,,,,,,12.1,,,,,,,,12.1,,,,,,,,,,,,12.1,,,,,24.2,,,,,,24.2,,48.3,,,24.2,,,,,,,12.1,,,12.1,,,24.2,96.7,,,,,,,,,,24.2,,48.3,,,,,24.2,,,,12.1,,,,,,120.9,12.1,
intestine,undifferentiated cells,11.6,9.9,,5.2,3.1,61.2,267.7,36.3,87.8,160.0,156.7,0.5,0.2,53.5,22.6,12.6,2.1,0.4,153.3,271.0,47.8,96.6,0.2,76.5,12.0,12.6,,,,,,,,11.7,9.8,,,54.4,7.4,2.8,6.8,385.7,50.4,20.8,40.2,8.0,150.7,18.2,14.0,23.0,1.7,9.7,44.5,68.2,,0.1,46.6,39.4,,,1.0,31.0,2.6,8.4,33.4,,3.5,,21.0,,0.2,129.6,37.8,,82940.6,0.2,,3.1,,76.6,30.7,19.8,0.4,0.2,,,33.6,24.1,5.7,113.4,53.2,,8.4,226.0,,5.5,146.1,,0.2,,184.8,,,50.5,48.3,0.7,67.2,49.1,,,67.2,9.4,0.2,36.4,,61.3,31.9,10.9,108.6,,48.5,0.5,,0.6,152.5,36.4,0.1,,1735.2,,42.7,9.7,4099.8,16.1,20.3,42.3,22.3,29.4,12.6,1.1,1.6,83.3,25.2,56.7,,0.5,26.9,,19.9,,5.8,3.3,,16.8,0.7,,0.9,0.2,21.0,18.2,0.6,0.8,0.7,109.2,4.2,0.2,,73.3,14.3,16.1,4.2,0.1,25.2,1.3,30044.1,,,26.6,61.2,,168.0,27.0,42.4,12.7,31.2,63.9,2.1,504.1,205.1,0.5,,2.5,0.4,12.6,,2.9,4.9,10.4,76.2,6.8,48.7,29.3,27.2,,15.2,93.6,17.7,14.4,8.5,293.1,24.5,4.4,3.9,4.8,42.7,128.0,38.2,1.3
intestine,intestinal goblet cells,10.8,4.7,,26.8,,116.2,311.0,42.9,114.8,289.8,137.6,1.0,0.2,122.6,26.0,29.5,1.5,,235.9,454.9,24.4,107.9,1.5,89.4,16.8,7.4,,,,,,,,3.4,7.3,,,55.6,27.7,2.9,1.4,316.3,40.1,120.7,32.6,8.4,97.9,67.1,9.9,11.7,,6.3,43.9,95.6,,,205.0,50.0,,,0.3,58.3,20.6,11.6,37.0,,2.7,,18.3,,0.7,128.5,274.4,,977.6,,,0.2,,100.8,31.2,44.7,0.2,,,,38.5,76.0,3.6,244.3,43.1,,111.0,721.5,,0.8,74.2,,,,302.9,,,68.5,135.8,1.0,487.1,93.3,,,62.2,8.0,0.2,42.4,,141.8,34.9,15.9,107.1,,109.5,0.5,,3.1,40.9,30.2,,,812.3,,124.9,6.4,13713.9,20.1,22.0,59.4,24.6,61.7,28.6,0.9,2.3,47.0,32.4,84.8,,23.2,10.2,,10.0,,6.0,0.7,,10.8,,,1.3,0.2,46.2,58.1,,,0.5,200.4,,1.5,,57.8,14.9,14.9,2.0,,20.1,0.8,89.4,,,25.0,191.9,,140.3,39.4,37.4,17.0,34.9,74.1,1.5,313.0,100.1,,,0.2,,8.5,,2.7,1.5,,30.1,3.5,48.1,50.0,71.7,,41.1,143.0,30.8,9.6,11.8,101.9,67.1,1.7,3.6,2.0,18.0,176.5,53.6,2.0
intestine,enteroendocrine cells,3.4,,,3.4,0.1,65.8,154.5,19.8,50.7,140.8,142.6,,,38.7,20.6,12.6,1.7,,142.5,243.8,79.0,20.6,0.1,63.4,25.2,17.2,,,,,,,,3.7,3.4,,,37.8,3.4,5.0,1.2,452.8,65.2,30.4,28.5,3.4,69.9,7.4,13.7,13.4,,5.0,41.3,73.8,1.7,,31.2,17.9,,,,54.9,0.9,3.4,36.9,,6.7,,10.0,,1.7,118.8,82.4,,508.2,,,,,77.2,23.5,27.5,0.1,,,,25.9,27.5,2.5,298.5,51.6,,44.6,291.9,,0.1,44.3,,,,286.8,,,49.8,78.2,0.5,13.7,38.6,0.3,,79.5,9.5,,27.0,,46.4,35.1,8.4,65.2,,61.8,0.3,,0.3,85.8,27.8,,,688.1,,45.4,8.4,4978.0,20.6,18.3,38.6,30.2,24.0,18.4,41.9,27.5,51.0,11.7,58.1,,1.7,17.2,,6.5,,33.5,1.7,,3.1,6.7,,0.1,,20.6,27.5,,,0.3,106.1,,,,71.2,7.8,35.2,10.3,6.9,27.5,3.4,27.5,,,13.8,104.0,,124.8,12.3,38.7,8.7,35.6,95.6,3.4,414.2,166.7,,,,,,,6.9,0.4,0.1,6.9,3.4,20.3,31.9,29.1,,11.7,58.4,17.2,18.4,0.1,291.8,6.7,2.1,13.7,0.7,17.2,113.0,48.6,0.1
intestine,distal enterocytes,3.5,,,7.6,5.7,330.5,384.5,36.4,97.7,181.5,198.7,0.6,,138.1,30.1,30.2,1.4,,396.2,432.0,23.0,,,88.6,3.2,8.6,,,,,,,,5.7,,,,37.4,3.7,2.1,6.9,397.9,25.1,347.7,19.5,4.5,266.3,6.9,17.0,13.2,0.5,5.5,89.6,197.7,,,115.0,54.9,,,1.0,59.8,2.0,1.0,38.0,,0.6,,5.8,,1.4,153.5,401.1,,920.9,,,0.5,1.4,89.1,20.3,60.2,0.5,,,,36.9,67.5,5.0,125.5,105.0,,53.1,1784.5,,0.5,63.5,,2.9,,392.4,,,68.6,263.4,1.4,233.6,39.3,,,183.5,49.1,,98.2,,436.8,182.3,22.1,28.7,,188.0,,,2.0,41.3,19.0,,,2001.9,,80.2,9.0,14360.8,16.4,66.1,65.1,15.8,40.4,32.2,0.5,2.0,139.1,23.9,367.0,,37.3,20.3,,12.9,,31.8,,,5.0,,,,,8.9,34.7,,,1.4,413.7,,,,123.3,8.6,23.2,0.5,,17.2,0.5,45.9,,,22.7,110.3,,278.0,66.5,37.5,11.1,65.1,149.0,2.9,976.6,1265.8,,,,,,,2.0,1.1,1.0,,0.5,23.2,40.4,54.5,,37.1,271.5,25.8,12.6,7.9,73.2,19.3,1.5,3.7,,62.4,262.0,63.3,1.4
intestine,paneth cells,3.5,,,4.1,,93.7,309.6,24.3,66.3,207.2,114.0,0.5,,65.6,28.9,39.8,7.2,,184.6,306.7,20.2,69.1,0.2,64.8,7.2,6.6,,,,,,,,,10.4,,,44.2,5.8,0.5,2.2,275.0,44.9,76.0,32.3,34.5,188.2,7.3,24.2,20.7,,7.2,58.7,120.9,,,100.2,33.5,,,0.7,27.2,3.6,6.9,25.5,,1.0,,10.9,,,122.9,81.4,,361.6,,,,,64.6,22.6,51.8,0.2,,,,39.6,56.6,10.4,193.4,54.3,,86.3,767.2,,0.2,44.2,,,,306.2,,,65.3,74.6,0.5,101.3,30.1,,,39.1,18.1,,36.2,,65.6,83.2,12.1,107.1,,90.5,,,3.6,69.1,23.6,0.2,,1197.8,,69.1,3.6,11045.4,16.0,21.4,51.8,11.2,38.0,17.3,0.2,,79.6,24.0,130.3,,10.9,27.6,,3.6,,3.6,,,,0.2,,0.2,,38.0,10.9,0.2,0.2,,159.2,,0.5,,68.8,11.9,24.2,3.5,0.2,14.6,,482.0,,,12.4,76.0,,318.4,44.0,48.4,18.2,50.5,97.7,6.9,648.9,180.9,,,3.5,,,,,3.6,1.5,58.7,0.2,31.8,32.6,26.5,,15.3,152.0,31.1,20.7,10.9,54.6,6.9,,7.2,1.5,86.3,166.5,76.0,
intestine,proximal enterocytes,42.8,3.1,,3.7,,308.6,399.3,19.0,112.6,266.2,105.5,4.0,,92.8,18.7,11.9,0.2,,381.9,120.6,27.3,1880.1,0.3,69.6,4.5,17.3,,,,,,,,3.7,8.9,,,43.1,0.5,,2.3,403.8,110.1,59.8,21.5,19.4,125.1,7.4,34.5,35.9,,3.7,75.1,140.8,,,194.9,72.6,,,1.0,20.4,2.1,222.1,23.1,,,,5.8,,,97.1,19.1,,837.1,,,,,50.4,32.4,53.2,,,,,48.6,67.2,0.9,217.5,82.3,,164.3,1423.9,,0.3,85.3,,,,369.2,,,204.5,106.4,0.3,216.1,28.1,,,56.5,8.7,8.9,38.3,,533.1,66.8,14.9,106.5,,176.5,,,3.7,134.0,4.7,,,917.6,,66.1,3.7,24332.4,11.7,25.2,56.1,1.4,19.1,7.8,,0.2,39.6,38.8,151.0,,4.0,52.4,,3.7,,49.0,0.2,,24.7,,,,0.9,63.2,19.4,,,0.5,172.9,,0.5,,17.6,11.7,67.2,0.5,0.3,11.3,13.0,103.6,,,20.1,151.5,,282.0,71.0,44.6,,36.7,24.1,0.2,821.0,549.8,,,,,332.4,,5.4,0.2,,799.2,0.5,24.3,26.6,38.1,,22.0,107.7,55.2,6.8,,1.7,19.7,0.2,4.0,,223.7,356.2,129.8,0.2
intestine,t-cells,1.0,,,5.8,,2.9,69.2,1.0,1.0,2.9,76.0,39.0,1.0,4.9,,1.0,94.6,,51.7,9.7,2.9,,1.0,7.8,2.9,1.0,,,,,,,,6.8,1.0,,,15.6,1.0,16.6,,224.2,46.8,1.9,2.9,,7.8,,10.7,1.9,1.0,11.7,13.6,71.2,,,12.7,1.9,,,,2.9,,1.9,3.9,,1.9,,,,,69.2,5.8,,15.6,,,1.0,,1.9,1.9,36.1,,,,,31.2,8.8,36.1,298.3,26.3,,72.1,239.8,,,2.9,,,,182.3,,,9.7,3.9,191.1,3.9,3.9,79.9,,4.9,8.8,,9.7,,1.9,3.9,2.9,2.9,,1.0,37.0,,1.0,120.9,51.7,1.0,,829.7,,53.6,6.8,17158.2,4.9,2.9,25.3,1.9,2.9,10.7,,119.9,1.9,1.9,8.8,,,4.9,,9.7,,1.0,,,,,,,,16.6,,21.4,,,24.4,,,,1.9,3.9,37.0,1.0,39.0,8.8,,233.0,,,4.9,14.6,,9.7,1.9,8.8,1.0,1.9,13.6,,50.7,577.2,,,1.0,,1.0,,,3.9,,,,16.6,22.4,2.9,,4.9,4.9,10.7,5.8,,242.8,2.9,7.8,,,3.9,127.7,16.6,3.9
intestine,mixed immune cells,,,,1.2,1.2,12.1,263.8,1.2,12.1,12.1,96.7,80.2,,5.8,,2.3,48.3,,24.4,3.5,3.5,84.6,,2.3,1.2,12.1,,,,,,,,9.3,1.2,,,3.5,,1.2,,258.0,36.3,12.1,1.2,,2.3,,3.5,11.6,1.2,12.1,24.2,77.9,,,51.1,12.1,,,,,,,12.1,,,,,,,125.5,12.1,,24.2,,1.2,,,4.6,15.1,72.5,,,,,48.3,10.5,24.2,193.4,24.2,,72.5,302.2,,,,,1.2,,222.0,,,62.8,5.8,132.9,1.2,12.1,60.4,,1.2,4.6,,10.5,,24.2,,,3.5,,,43.0,,,111.6,24.4,,,989.0,,83.7,2.3,13317.7,,,3.5,,9.3,12.1,1.2,5.8,,1.2,2.3,,,12.1,,7.0,,,,,,,,,,15.1,,16.3,,,24.2,,,,12.8,5.8,24.2,,48.3,1.2,3.5,382.4,,,30.2,19.8,,5.8,12.1,9.3,,12.1,,,24.2,96.7,,2.3,,,,,,2.3,,24.2,,48.3,36.3,3.5,,30.2,24.2,4.6,1.2,,146.4,9.3,,1.2,,37.2,120.9,36.0,2.3
