side,localization,species,proteins,min,q1,median,q3,max
host,Extracellular,human,96,0.619,0.746,0.845,0.903,0.984
host,Extracellular,rat,51,0.640,0.750,0.847,0.914,0.970
host,Extracellular,mouse,71,0.622,0.767,0.849,0.914,0.972
host,Extracellular,pig,42,0.619,0.690,0.837,0.893,0.973
host,Cell membrane,human,414,0.565,0.617,0.698,0.809,0.932
host,Cell membrane,rat,179,0.565,0.625,0.714,0.812,0.932
host,Cell membrane,mouse,251,0.565,0.627,0.718,0.817,0.932
host,Cell membrane,pig,95,0.567,0.617,0.701,0.776,0.906
host,Cytoplasm,human,1446,0.476,0.577,0.644,0.698,0.906
host,Cytoplasm,rat,85,0.478,0.539,0.598,0.683,0.854
host,Cytoplasm,mouse,330,0.478,0.554,0.609,0.679,0.860
host,Cytoplasm,pig,412,0.478,0.567,0.627,0.683,0.823
host,Nucleus,human,983,0.502,0.624,0.767,0.885,0.990
host,Nucleus,rat,60,0.509,0.612,0.697,0.808,0.976
host,Nucleus,mouse,271,0.501,0.627,0.747,0.864,0.989
host,Nucleus,pig,345,0.502,0.616,0.761,0.879,0.990
parasite,Extracellular,Ancylostoma ceylanicum,186,0.617,0.721,0.845,0.922,0.979
parasite,Extracellular,Angiostrongylus cantonensis,106,0.627,0.751,0.830,0.897,0.977
parasite,Extracellular,Angiostrongylus costaricensis,108,0.618,0.730,0.810,0.882,0.976
parasite,Extracellular,Brugia malayi,41,0.647,0.771,0.849,0.918,0.975
parasite,Extracellular,Brugia timori,106,0.622,0.740,0.834,0.885,0.983
parasite,Extracellular,Dracunculus medinensis,80,0.623,0.770,0.847,0.910,0.989
parasite,Extracellular,Enterobius vermicularis,90,0.618,0.730,0.845,0.911,0.982
parasite,Extracellular,Loa loa,63,0.625,0.731,0.858,0.915,0.989
parasite,Extracellular,Necator americanus,177,0.618,0.727,0.821,0.914,0.987
parasite,Extracellular,Nippostrongylus brasiliensis,215,0.618,0.729,0.828,0.907,0.989
parasite,Extracellular,Onchocerca volvulus,56,0.641,0.792,0.875,0.918,0.974
parasite,Extracellular,Strongyloides stercoralis,83,0.624,0.738,0.811,0.881,0.983
parasite,Extracellular,Toxocara canis,109,0.625,0.778,0.863,0.919,0.989
parasite,Extracellular,Trichuris trichiura,61,0.625,0.734,0.798,0.881,0.955
parasite,Extracellular,Wuchereria bancrofti,62,0.619,0.740,0.831,0.894,0.958
parasite,Extracellular,Trichinella britovi,82,0.633,0.738,0.783,0.913,0.978
parasite,Extracellular,Trichinella nativa,73,0.617,0.722,0.787,0.910,0.978
parasite,Extracellular,Trichinella nelsoni,63,0.619,0.744,0.816,0.906,0.978
parasite,Extracellular,Trichinella pseudospiralis,68,0.621,0.766,0.828,0.901,0.981
parasite,Extracellular,Trichinella spiralis,64,0.618,0.761,0.833,0.909,0.979
parasite,Extracellular,Clonorchis sinensis,77,0.618,0.706,0.813,0.903,0.980
parasite,Extracellular,Opisthorchis felineus,94,0.625,0.769,0.891,0.928,0.976
parasite,Extracellular,Opisthorchis viverrini,120,0.621,0.715,0.784,0.839,0.950
parasite,Extracellular,Schistosoma haematobium,45,0.618,0.689,0.767,0.877,0.980
parasite,Extracellular,Schistosoma japonicum,52,0.621,0.716,0.778,0.864,0.935
parasite,Extracellular,Schistosoma mansoni,91,0.618,0.676,0.752,0.802,0.939
parasite,Extracellular,Echinococcus granulosus,25,0.619,0.709,0.750,0.863,0.968
parasite,Extracellular,Echinococcus multilocularis,25,0.621,0.668,0.755,0.832,0.943
parasite,Extracellular,Hymenolepis diminuta,30,0.619,0.673,0.709,0.813,0.933
parasite,Extracellular,Taenia asiatica,26,0.624,0.708,0.774,0.815,0.966
parasite,Extracellular,Cryptosporidium muris,5,0.628,0.743,0.751,0.801,0.898
parasite,Extracellular,Cryptosporidium parvum,4,0.618,0.660,0.708,0.778,0.888
parasite,Extracellular,Plasmodium falciparum,9,0.654,0.703,0.755,0.791,0.868
parasite,Extracellular,Plasmodium knowlesi,7,0.625,0.659,0.719,0.791,0.863
parasite,Extracellular,Plasmodium vivax,12,0.628,0.682,0.716,0.800,0.904
parasite,Extracellular,Toxoplasma gondii,16,0.643,0.716,0.779,0.886,0.985
parasite,Extracellular,Trypanosoma brucei,7,0.629,0.672,0.728,0.799,0.853
parasite,Extracellular,Leishmania braziliensis,16,0.618,0.672,0.691,0.769,0.848
parasite,Extracellular,Leishmania infantum,4,0.690,0.702,0.745,0.805,0.867
parasite,Extracellular,Leishmania major,5,0.618,0.628,0.696,0.776,0.827
parasite,Extracellular,Trypanosoma cruzi,84,0.620,0.696,0.757,0.796,0.954
parasite,Extracellular,Entamoeba histolytica,24,0.625,0.669,0.712,0.809,0.922
parasite,Extracellular,Giardia lamblia,17,0.653,0.682,0.703,0.759,0.852
parasite,Extracellular,Trichomonas vaginalis,42,0.618,0.663,0.752,0.786,0.948
parasite,Extracellular,Trachipleistophora hominis,1,0.689,0.689,0.689,0.689,0.689
parasite,Extracellular,Vittaforma corneae,2,0.666,0.710,0.753,0.797,0.840
parasite,Cell membrane,Cryptosporidium muris,18,0.576,0.612,0.653,0.719,0.830
parasite,Cell membrane,Cryptosporidium parvum,11,0.573,0.587,0.630,0.644,0.741
parasite,Cell membrane,Plasmodium falciparum,101,0.567,0.599,0.638,0.690,0.838
parasite,Cell membrane,Plasmodium knowlesi,85,0.565,0.597,0.641,0.692,0.860
parasite,Cell membrane,Plasmodium vivax,98,0.565,0.609,0.657,0.722,0.842
parasite,Cell membrane,Toxoplasma gondii,16,0.568,0.584,0.618,0.660,0.881
parasite,Cell membrane,Trypanosoma brucei,8,0.575,0.600,0.662,0.678,0.707
parasite,Cell membrane,Leishmania braziliensis,23,0.565,0.597,0.666,0.730,0.831
parasite,Cell membrane,Leishmania infantum,18,0.566,0.620,0.652,0.684,0.775
parasite,Cell membrane,Leishmania major,21,0.565,0.581,0.617,0.668,0.744
parasite,Cell membrane,Trypanosoma cruzi,89,0.567,0.646,0.690,0.762,0.959
parasite,Cell membrane,Entamoeba histolytica,26,0.583,0.603,0.676,0.787,0.964
parasite,Cell membrane,Giardia lamblia,32,0.569,0.762,0.798,0.849,0.947
parasite,Cell membrane,Trichomonas vaginalis,106,0.569,0.684,0.779,0.837,0.928
parasite,Cell membrane,Vittaforma corneae,2,0.572,0.588,0.603,0.619,0.635
