host,taxid,species,group,niche,host_proteome,host_tissue,host_localization,host_eggnog,host_interactor,parasite_proteome,parasite_localization,parasite_eggnog,parasite_interactor,edges
human,45882,Trichinella britovi,Nematoda,intracellular,19699,15454,13042,13041,801,15466,1202,1051,82,3050
human,6335,Trichinella nativa,Nematoda,intracellular,19699,15454,13042,13041,766,13202,1048,943,73,2364
human,6336,Trichinella nelsoni,Nematoda,intracellular,19699,15454,13042,13041,769,13005,989,867,63,1542
human,6337,Trichinella pseudospiralis,Nematoda,intracellular,19699,15454,13042,13041,859,10629,921,792,68,1592
human,6334,Trichinella spiralis,Nematoda,intracellular,19699,15454,13042,13041,745,14258,1048,874,64,1643
human,441375,Cryptosporidium muris,Apicomplexa,intracellular,19699,12104,10082,10081,268,3930,303,126,18,325
human,353152,Cryptosporidium parvum,Apicomplexa,intracellular,19699,11598,9647,9646,146,3805,309,116,15,195
human,36329,Plasmodium falciparum,Apicomplexa,intracellular,19699,14712,12361,12359,1208,5376,983,733,106,2794
human,5851,Plasmodium knowlesi,Apicomplexa,intracellular,19699,10737,8830,8828,909,5100,885,738,90,1917
human,126793,Plasmodium vivax,Apicomplexa,intracellular,19699,10737,8830,8828,972,5389,1089,707,108,2500
human,432359,Toxoplasma gondii,Apicomplexa,intracellular,19699,14902,12563,12563,220,8404,751,562,32,444
human,5660,Leishmania braziliensis,Kinetoplastida,intracellular,19699,10411,8683,8680,314,8084,366,341,39,769
human,5671,Leishmania infantum,Kinetoplastida,intracellular,19699,12434,10360,10358,215,8045,346,337,22,376
human,5664,Leishmania major,Kinetoplastida,intracellular,19699,8516,7089,7087,194,8038,383,371,26,334
human,353153,Trypanosoma cruzi,Kinetoplastida,intracellular,19699,13988,11739,11736,731,19242,3292,1283,158,3509
human,72359,Trachipleistophora hominis,Microsporidia,intracellular,19699,9419,7763,7763,1,3212,235,133,1,1
human,993615,Vittaforma corneae,Microsporidia,intracellular,19699,4148,3421,3421,32,2236,106,35,4,32
human,53326,Ancylostoma ceylanicum,Nematoda,extracellular,19699,13272,3313,3311,246,36519,5004,3606,186,1143
human,6279,Brugia malayi,Nematoda,extracellular,19699,8078,1475,1475,53,8202,745,682,41,129
human,42155,Brugia timori,Nematoda,extracellular,19699,8078,1475,1475,105,16199,1578,1278,106,398
human,318479,Dracunculus medinensis,Nematoda,extracellular,19699,12237,2991,2989,171,10868,1323,895,80,628
human,51028,Enterobius vermicularis,Nematoda,extracellular,19699,12237,2991,2989,180,12840,1714,1114,90,684
human,7209,Loa loa,Nematoda,extracellular,19699,9157,1971,1969,102,12152,1163,987,63,349
human,51031,Necator americanus,Nematoda,extracellular,19699,13272,3313,3311,237,19125,2768,2301,177,1597
human,6282,Onchocerca volvulus,Nematoda,extracellular,19699,8020,1617,1615,73,12118,1114,1006,56,266
human,6248,Strongyloides stercoralis,Nematoda,extracellular,19699,13272,3313,3311,153,12819,2066,1809,83,423
human,6265,Toxocara canis,Nematoda,extracellular,19699,15085,3785,3785,225,18499,2038,1427,109,1010
human,36087,Trichuris trichiura,Nematoda,extracellular,19699,11598,2767,2767,131,9625,835,725,61,312
human,6293,Wuchereria bancrofti,Nematoda,extracellular,19699,8078,1475,1475,70,9343,858,832,62,240
human,79923,Clonorchis sinensis,Trematoda,extracellular,19699,7784,1484,1484,90,14505,816,606,77,301
human,147828,Opisthorchis felineus,Trematoda,extracellular,19699,12475,3020,3020,145,11402,886,686,94,620
human,6198,Opisthorchis viverrini,Trematoda,extracellular,19699,7784,1484,1484,105,16307,896,640,120,489
human,6185,Schistosoma haematobium,Trematoda,extracellular,19699,14119,3584,3582,155,11119,541,489,45,384
human,6182,Schistosoma japonicum,Trematoda,extracellular,19699,13990,3537,3535,162,10042,611,463,52,506
human,6183,Schistosoma mansoni,Trematoda,extracellular,19699,14268,3616,3614,128,14110,826,696,91,1075
human,6210,Echinococcus granulosus,Cestoda,extracellular,19699,11537,2608,2608,94,11279,466,335,25,205
human,6211,Echinococcus multilocularis,Cestoda,extracellular,19699,11537,2608,2608,103,10469,450,340,25,175
human,6216,Hymenolepis diminuta,Cestoda,extracellular,19699,11598,2767,2767,105,11264,545,349,29,235
human,60517,Taenia asiatica,Cestoda,extracellular,19699,11598,2767,2767,119,10327,440,353,26,210
human,185431,Trypanosoma brucei,Kinetoplastida,extracellular,19699,14085,3438,3436,48,8561,662,334,15,60
human,5759,Entamoeba histolytica,Other protozoa,extracellular,19699,15324,3973,3973,132,7959,899,393,48,565
human,184922,Giardia lamblia,Other protozoa,extracellular,19699,11598,2767,2767,56,7154,746,283,38,265
human,5722,Trichomonas vaginalis,Other protozoa,extracellular,19699,11970,2786,2786,104,50190,4443,1088,145,859
rat,441375,Cryptosporidium muris,Apicomplexa,intracellular,22237,4456,3453,3447,125,3930,303,126,15,155
rat,6313,Angiostrongylus cantonensis,Nematoda,extracellular,22237,9408,2091,2089,158,14486,1547,1286,99,554
rat,334426,Angiostrongylus costaricensis,Nematoda,extracellular,22237,4456,808,807,55,13350,1392,1173,83,208
rat,27835,Nippostrongylus brasiliensis,Nematoda,extracellular,22237,8287,1617,1615,165,22636,3269,2453,191,901
rat,6216,Hymenolepis diminuta,Cestoda,extracellular,22237,4456,808,807,33,11264,545,349,21,74
mouse,441375,Cryptosporidium muris,Apicomplexa,intracellular,21840,9842,7869,7858,237,3930,303,126,21,293
mouse,5660,Leishmania braziliensis,Kinetoplastida,intracellular,21840,12246,10061,10055,344,8084,366,341,39,895
mouse,6313,Angiostrongylus cantonensis,Nematoda,extracellular,21840,12089,2926,2926,191,14486,1547,1286,104,615
mouse,334426,Angiostrongylus costaricensis,Nematoda,extracellular,21840,11188,2345,2343,148,13350,1392,1173,107,520
mouse,27835,Nippostrongylus brasiliensis,Nematoda,extracellular,21840,12978,3102,3099,252,22636,3269,2453,206,1443
mouse,6216,Hymenolepis diminuta,Cestoda,extracellular,21840,9470,1972,1970,80,11264,545,349,30,172
pig,6337,Trichinella pseudospiralis,Nematoda,intracellular,21278,10482,8595,8591,608,10629,921,792,64,1138
pig,6334,Trichinella spiralis,Nematoda,intracellular,21278,10482,8595,8591,549,14258,1048,874,63,1209
