parasite,host,predicted PPIs,links,links in all hosts,links in some hosts,links only here,missing: absent,missing: not expressed,missing: out of reach,missing: not transferred
Cryptosporidium muris,human,325,154,95,46,13,0,10,2,0
Cryptosporidium muris,rat,155,100,95,5,0,1,59,6,0
Cryptosporidium muris,mouse,293,150,95,45,10,0,13,3,0
Hymenolepis diminuta,human,235,61,32,23,6,0,1,5,0
Hymenolepis diminuta,rat,74,35,32,3,0,0,23,9,0
Hymenolepis diminuta,mouse,172,60,32,24,4,0,5,2,0
Angiostrongylus cantonensis,rat,554,105,101,0,4,0,3,12,0
Angiostrongylus cantonensis,mouse,615,116,101,0,15,0,1,3,0
Angiostrongylus costaricensis,rat,208,64,62,0,2,0,32,18,0
Angiostrongylus costaricensis,mouse,520,112,62,0,50,0,0,2,0
Leishmania braziliensis,rat,0,0,0,0,0,0,234,0,0
Leishmania braziliensis,mouse,895,234,0,0,234,0,0,0,0
Trichinella spiralis,human,1643,495,403,0,92,1,2,2,0
Trichinella spiralis,pig,1209,408,403,0,5,8,75,9,0
Trichinella pseudospiralis,human,1592,595,483,0,112,0,3,1,0
Trichinella pseudospiralis,pig,1138,487,483,0,4,11,92,9,0
Nippostrongylus brasiliensis,rat,901,157,146,0,11,0,14,24,0
Nippostrongylus brasiliensis,mouse,1443,184,146,0,38,0,1,10,0
