host,parasite,group,niche,interactions,parasite proteins,host proteins,surface,both,interior
human,Ancylostoma ceylanicum,Nematoda,extracellular,1143,186,246,1021,122,0
human,Brugia malayi,Nematoda,extracellular,129,41,53,117,12,0
human,Brugia timori,Nematoda,extracellular,398,106,105,316,82,0
human,Dracunculus medinensis,Nematoda,extracellular,628,80,171,551,77,0
human,Enterobius vermicularis,Nematoda,extracellular,684,90,180,584,100,0
human,Loa loa,Nematoda,extracellular,349,63,102,310,39,0
human,Necator americanus,Nematoda,extracellular,1597,177,237,1482,115,0
human,Onchocerca volvulus,Nematoda,extracellular,266,56,73,249,17,0
human,Strongyloides stercoralis,Nematoda,extracellular,423,83,153,381,42,0
human,Toxocara canis,Nematoda,extracellular,1010,109,225,906,104,0
human,Trichuris trichiura,Nematoda,extracellular,312,61,131,284,28,0
human,Wuchereria bancrofti,Nematoda,extracellular,240,62,70,213,27,0
human,Trichinella britovi,Nematoda,intracellular,3050,82,801,295,21,2734
human,Trichinella nativa,Nematoda,intracellular,2364,73,766,307,30,2027
human,Trichinella nelsoni,Nematoda,intracellular,1542,63,769,262,36,1244
human,Trichinella pseudospiralis,Nematoda,intracellular,1592,68,859,323,27,1242
human,Trichinella spiralis,Nematoda,intracellular,1643,64,745,257,28,1358
human,Clonorchis sinensis,Trematoda,extracellular,301,77,90,260,41,0
human,Opisthorchis felineus,Trematoda,extracellular,620,94,145,567,53,0
human,Opisthorchis viverrini,Trematoda,extracellular,489,120,105,437,52,0
human,Schistosoma haematobium,Trematoda,extracellular,384,45,155,339,45,0
human,Schistosoma japonicum,Trematoda,extracellular,506,52,162,422,84,0
human,Schistosoma mansoni,Trematoda,extracellular,1075,91,128,962,113,0
human,Echinococcus granulosus,Cestoda,extracellular,205,25,94,178,27,0
human,Echinococcus multilocularis,Cestoda,extracellular,175,25,103,160,15,0
human,Hymenolepis diminuta,Cestoda,extracellular,235,29,105,213,22,0
human,Taenia asiatica,Cestoda,extracellular,210,26,119,170,40,0
human,Cryptosporidium muris,Apicomplexa,intracellular,325,18,268,73,8,244
human,Cryptosporidium parvum,Apicomplexa,intracellular,195,15,146,78,4,113
human,Plasmodium falciparum,Apicomplexa,intracellular,2794,106,1208,236,94,2464
human,Plasmodium knowlesi,Apicomplexa,intracellular,1917,90,909,160,92,1665
human,Plasmodium vivax,Apicomplexa,intracellular,2500,108,972,197,77,2226
human,Toxoplasma gondii,Apicomplexa,intracellular,444,32,220,120,19,305
human,Trypanosoma brucei,Kinetoplastida,extracellular,60,15,48,47,13,0
human,Leishmania infantum,Kinetoplastida,intracellular,376,22,215,74,9,293
human,Leishmania major,Kinetoplastida,intracellular,334,26,194,42,16,276
human,Trypanosoma cruzi,Kinetoplastida,intracellular,3509,158,731,293,238,2978
human,Entamoeba histolytica,Other protozoa,extracellular,565,48,132,480,85,0
human,Giardia lamblia,Other protozoa,extracellular,265,38,56,256,9,0
human,Trichomonas vaginalis,Other protozoa,extracellular,859,145,104,604,255,0
human,Trachipleistophora hominis,Microsporidia,intracellular,1,1,1,0,0,1
human,Vittaforma corneae,Microsporidia,intracellular,32,4,32,6,4,22
rat,Angiostrongylus cantonensis,Nematoda,extracellular,554,99,158,500,54,0
rat,Angiostrongylus costaricensis,Nematoda,extracellular,208,83,55,178,30,0
rat,Nippostrongylus brasiliensis,Nematoda,extracellular,901,191,165,787,114,0
rat,Hymenolepis diminuta,Cestoda,extracellular,74,21,33,61,13,0
rat,Cryptosporidium muris,Apicomplexa,intracellular,155,15,125,32,4,119
rat,Leishmania braziliensis,Kinetoplastida,intracellular,0,0,0,0,0,0
mouse,Angiostrongylus cantonensis,Nematoda,extracellular,615,104,191,553,62,0
mouse,Angiostrongylus costaricensis,Nematoda,extracellular,520,107,148,451,69,0
mouse,Nippostrongylus brasiliensis,Nematoda,extracellular,1443,206,252,1265,178,0
mouse,Hymenolepis diminuta,Cestoda,extracellular,172,30,80,151,21,0
mouse,Cryptosporidium muris,Apicomplexa,intracellular,293,21,237,70,5,218
mouse,Leishmania braziliensis,Kinetoplastida,intracellular,895,39,344,69,59,767
pig,Trichinella pseudospiralis,Nematoda,intracellular,1138,64,608,221,19,898
pig,Trichinella spiralis,Nematoda,intracellular,1209,63,549,171,18,1020
