,Ancylostoma ceylanicum,Brugia malayi,Brugia timori,Dracunculus medinensis,Enterobius vermicularis,Loa loa,Necator americanus,Onchocerca volvulus,Strongyloides stercoralis,Toxocara canis,Trichuris trichiura,Wuchereria bancrofti,Clonorchis sinensis,Opisthorchis felineus,Opisthorchis viverrini,Schistosoma haematobium,Schistosoma japonicum,Schistosoma mansoni,Echinococcus granulosus,Echinococcus multilocularis,Hymenolepis diminuta,Taenia asiatica,Trypanosoma brucei,Entamoeba histolytica,Giardia lamblia,Trichomonas vaginalis,Trichinella britovi,Trichinella nativa,Trichinella nelsoni,Trichinella pseudospiralis,Trichinella spiralis,Cryptosporidium muris,Cryptosporidium parvum,Plasmodium falciparum,Plasmodium knowlesi,Plasmodium vivax,Toxoplasma gondii,Leishmania infantum,Leishmania major,Trypanosoma cruzi,Trachipleistophora hominis,Vittaforma corneae
Ancylostoma ceylanicum,,0.177,0.325,0.58,0.69,0.313,0.666,0.266,0.559,0.544,0.428,0.244,0.244,0.412,0.286,0.422,0.506,0.422,0.298,0.332,0.345,0.393,0.097,0.295,0.175,0.292,0.129,0.119,0.155,0.129,0.115,0.082,0.136,0.069,0.069,0.086,0.084,0.077,0.06,0.064,0.0,0.026
Brugia malayi,0.177,,0.491,0.167,0.22,0.27,0.169,0.26,0.256,0.193,0.203,0.597,0.182,0.165,0.153,0.162,0.156,0.215,0.114,0.139,0.145,0.139,0.122,0.186,0.211,0.217,0.044,0.039,0.042,0.038,0.042,0.056,0.106,0.022,0.028,0.035,0.066,0.068,0.065,0.021,0.0,0.049
Brugia timori,0.325,0.491,,0.29,0.338,0.335,0.262,0.262,0.271,0.31,0.236,0.562,0.204,0.232,0.25,0.209,0.242,0.226,0.171,0.189,0.186,0.217,0.125,0.203,0.134,0.237,0.052,0.048,0.071,0.054,0.049,0.063,0.101,0.032,0.045,0.05,0.066,0.07,0.072,0.039,0.0,0.046
Dracunculus medinensis,0.58,0.167,0.29,,0.664,0.358,0.522,0.291,0.486,0.409,0.533,0.255,0.249,0.404,0.346,0.424,0.507,0.466,0.305,0.35,0.408,0.465,0.141,0.217,0.188,0.228,0.113,0.106,0.135,0.111,0.106,0.06,0.132,0.053,0.057,0.071,0.074,0.063,0.049,0.055,0.0,0.015
Enterobius vermicularis,0.69,0.22,0.338,0.664,,0.356,0.533,0.304,0.593,0.484,0.525,0.302,0.262,0.425,0.326,0.402,0.507,0.426,0.28,0.316,0.39,0.459,0.086,0.284,0.216,0.315,0.124,0.114,0.139,0.104,0.106,0.085,0.132,0.049,0.056,0.072,0.078,0.076,0.062,0.048,0.0,0.034
Loa loa,0.313,0.27,0.335,0.358,0.356,,0.345,0.549,0.342,0.368,0.395,0.333,0.247,0.28,0.255,0.339,0.313,0.345,0.298,0.349,0.262,0.292,0.103,0.176,0.113,0.198,0.079,0.074,0.085,0.081,0.076,0.051,0.088,0.025,0.033,0.045,0.045,0.043,0.046,0.021,0.0,0.047
Necator americanus,0.666,0.169,0.262,0.522,0.533,0.345,,0.27,0.56,0.471,0.527,0.243,0.272,0.415,0.286,0.452,0.511,0.437,0.34,0.349,0.32,0.359,0.092,0.238,0.154,0.263,0.134,0.123,0.133,0.143,0.112,0.084,0.14,0.057,0.062,0.076,0.078,0.071,0.059,0.058,0.0,0.027
Onchocerca volvulus,0.266,0.26,0.262,0.291,0.304,0.549,0.27,,0.345,0.301,0.291,0.288,0.226,0.239,0.245,0.26,0.27,0.314,0.265,0.266,0.219,0.239,0.1,0.158,0.142,0.229,0.061,0.055,0.062,0.063,0.058,0.052,0.106,0.026,0.035,0.04,0.073,0.063,0.068,0.022,0.0,0.061
Strongyloides stercoralis,0.559,0.256,0.271,0.486,0.593,0.342,0.56,0.345,,0.459,0.479,0.282,0.253,0.38,0.284,0.357,0.438,0.456,0.293,0.313,0.296,0.353,0.081,0.344,0.282,0.36,0.116,0.103,0.119,0.11,0.102,0.105,0.159,0.055,0.059,0.073,0.1,0.079,0.061,0.045,0.0,0.039
Toxocara canis,0.544,0.193,0.31,0.409,0.484,0.368,0.471,0.301,0.459,,0.385,0.245,0.235,0.391,0.231,0.45,0.407,0.384,0.313,0.378,0.347,0.303,0.092,0.303,0.156,0.28,0.131,0.119,0.135,0.133,0.119,0.079,0.117,0.062,0.055,0.071,0.104,0.076,0.055,0.06,0.0,0.04
Trichuris trichiura,0.428,0.203,0.236,0.533,0.525,0.395,0.527,0.291,0.479,0.385,,0.248,0.323,0.476,0.311,0.437,0.429,0.455,0.347,0.462,0.484,0.453,0.078,0.229,0.199,0.298,0.119,0.112,0.117,0.111,0.107,0.084,0.14,0.039,0.042,0.053,0.08,0.048,0.042,0.027,0.0,0.025
Wuchereria bancrofti,0.244,0.597,0.562,0.255,0.302,0.333,0.243,0.288,0.282,0.245,0.248,,0.159,0.188,0.19,0.184,0.202,0.222,0.155,0.185,0.167,0.196,0.113,0.168,0.178,0.176,0.054,0.05,0.059,0.05,0.05,0.056,0.096,0.021,0.029,0.038,0.062,0.067,0.065,0.028,0.0,0.041
Clonorchis sinensis,0.244,0.182,0.204,0.249,0.262,0.247,0.272,0.226,0.253,0.235,0.323,0.159,,0.469,0.598,0.361,0.333,0.362,0.415,0.34,0.266,0.29,0.078,0.181,0.15,0.244,0.056,0.052,0.063,0.058,0.053,0.059,0.083,0.038,0.044,0.06,0.051,0.048,0.044,0.022,0.0,0.025
Opisthorchis felineus,0.412,0.165,0.232,0.404,0.425,0.28,0.415,0.239,0.38,0.391,0.476,0.188,0.469,,0.412,0.604,0.527,0.56,0.44,0.401,0.471,0.517,0.142,0.345,0.272,0.324,0.096,0.099,0.111,0.102,0.101,0.087,0.115,0.05,0.046,0.063,0.106,0.075,0.063,0.05,0.0,0.017
Opisthorchis viverrini,0.286,0.153,0.25,0.346,0.326,0.255,0.286,0.245,0.284,0.231,0.311,0.19,0.598,0.412,,0.294,0.413,0.324,0.345,0.342,0.265,0.333,0.093,0.197,0.134,0.244,0.055,0.053,0.082,0.062,0.056,0.057,0.073,0.037,0.051,0.057,0.055,0.056,0.049,0.035,0.0,0.03
Schistosoma haematobium,0.422,0.162,0.209,0.424,0.402,0.339,0.452,0.26,0.357,0.45,0.437,0.184,0.361,0.604,0.294,,0.695,0.626,0.456,0.425,0.461,0.505,0.122,0.226,0.185,0.216,0.099,0.093,0.115,0.112,0.096,0.063,0.103,0.041,0.035,0.058,0.087,0.066,0.051,0.029,0.0,0.005
Schistosoma japonicum,0.506,0.156,0.242,0.507,0.507,0.313,0.511,0.27,0.438,0.407,0.429,0.202,0.333,0.527,0.413,0.695,,0.602,0.48,0.402,0.413,0.579,0.111,0.225,0.178,0.231,0.103,0.097,0.144,0.126,0.103,0.07,0.1,0.045,0.045,0.059,0.085,0.059,0.047,0.036,0.0,0.016
Schistosoma mansoni,0.422,0.215,0.226,0.466,0.426,0.345,0.437,0.314,0.456,0.384,0.455,0.222,0.362,0.56,0.324,0.626,0.602,,0.396,0.392,0.429,0.42,0.205,0.25,0.203,0.261,0.101,0.093,0.105,0.103,0.098,0.065,0.137,0.048,0.043,0.059,0.088,0.075,0.056,0.04,0.0,0.006
Echinococcus granulosus,0.298,0.114,0.171,0.305,0.28,0.298,0.34,0.265,0.293,0.313,0.347,0.155,0.415,0.44,0.345,0.456,0.48,0.396,,0.602,0.382,0.469,0.076,0.141,0.154,0.186,0.067,0.062,0.073,0.089,0.065,0.068,0.106,0.026,0.029,0.044,0.075,0.033,0.032,0.015,0.0,0.016
Echinococcus multilocularis,0.332,0.139,0.189,0.35,0.316,0.349,0.349,0.266,0.313,0.378,0.462,0.185,0.34,0.401,0.342,0.425,0.402,0.392,0.602,,0.486,0.396,0.079,0.163,0.161,0.197,0.071,0.068,0.081,0.077,0.069,0.069,0.107,0.028,0.03,0.048,0.073,0.036,0.031,0.026,0.0,0.015
Hymenolepis diminuta,0.345,0.145,0.186,0.408,0.39,0.262,0.32,0.219,0.296,0.347,0.484,0.167,0.266,0.471,0.265,0.461,0.413,0.429,0.382,0.486,,0.474,0.117,0.197,0.229,0.237,0.085,0.089,0.088,0.075,0.083,0.066,0.101,0.03,0.03,0.044,0.083,0.063,0.049,0.027,0.0,0.015
Taenia asiatica,0.393,0.139,0.217,0.465,0.459,0.292,0.359,0.239,0.353,0.303,0.453,0.196,0.29,0.517,0.333,0.505,0.579,0.42,0.469,0.396,0.474,,0.084,0.167,0.19,0.168,0.081,0.079,0.116,0.09,0.083,0.063,0.123,0.026,0.028,0.042,0.073,0.037,0.036,0.025,0.0,0.0
Trypanosoma brucei,0.097,0.122,0.125,0.141,0.086,0.103,0.092,0.1,0.081,0.092,0.078,0.113,0.078,0.142,0.093,0.122,0.111,0.205,0.076,0.079,0.117,0.084,,0.104,0.13,0.143,0.025,0.026,0.029,0.025,0.029,0.019,0.054,0.024,0.025,0.024,0.055,0.078,0.057,0.047,0.0,0.0
Entamoeba histolytica,0.295,0.186,0.203,0.217,0.284,0.176,0.238,0.158,0.344,0.303,0.229,0.168,0.181,0.345,0.197,0.226,0.225,0.25,0.141,0.163,0.197,0.167,0.104,,0.362,0.413,0.072,0.075,0.082,0.071,0.084,0.064,0.069,0.053,0.049,0.056,0.086,0.074,0.058,0.044,0.0,0.065
Giardia lamblia,0.175,0.211,0.134,0.188,0.216,0.113,0.154,0.142,0.282,0.156,0.199,0.178,0.15,0.272,0.134,0.185,0.178,0.203,0.154,0.161,0.229,0.19,0.13,0.362,,0.29,0.041,0.046,0.044,0.04,0.047,0.069,0.098,0.031,0.022,0.035,0.095,0.071,0.059,0.026,0.0,0.035
Trichomonas vaginalis,0.292,0.217,0.237,0.228,0.315,0.198,0.263,0.229,0.36,0.28,0.298,0.176,0.244,0.324,0.244,0.216,0.231,0.261,0.186,0.197,0.237,0.168,0.143,0.413,0.29,,0.063,0.065,0.063,0.061,0.063,0.078,0.096,0.051,0.054,0.06,0.098,0.092,0.072,0.048,0.0,0.062
Trichinella britovi,0.129,0.044,0.052,0.113,0.124,0.079,0.134,0.061,0.116,0.131,0.119,0.054,0.056,0.096,0.055,0.099,0.103,0.101,0.067,0.071,0.085,0.081,0.025,0.072,0.041,0.063,,0.809,0.668,0.652,0.664,0.213,0.122,0.22,0.218,0.222,0.159,0.095,0.087,0.177,0.0,0.022
Trichinella nativa,0.119,0.039,0.048,0.106,0.114,0.074,0.123,0.055,0.103,0.119,0.112,0.05,0.052,0.099,0.053,0.093,0.097,0.093,0.062,0.068,0.089,0.079,0.026,0.075,0.046,0.065,0.809,,0.734,0.662,0.751,0.179,0.086,0.232,0.226,0.215,0.141,0.095,0.092,0.188,0.0,0.018
Trichinella nelsoni,0.155,0.042,0.071,0.135,0.139,0.085,0.133,0.062,0.119,0.135,0.117,0.059,0.063,0.111,0.082,0.115,0.144,0.105,0.073,0.081,0.088,0.116,0.029,0.082,0.044,0.063,0.668,0.734,,0.625,0.64,0.177,0.093,0.217,0.216,0.212,0.133,0.086,0.093,0.201,0.0,0.019
Trichinella pseudospiralis,0.129,0.038,0.054,0.111,0.104,0.081,0.143,0.063,0.11,0.133,0.111,0.05,0.058,0.102,0.062,0.112,0.126,0.103,0.089,0.077,0.075,0.09,0.025,0.071,0.04,0.061,0.652,0.662,0.625,,0.609,0.156,0.097,0.245,0.228,0.227,0.127,0.082,0.082,0.188,0.0,0.016
Trichinella spiralis,0.115,0.042,0.049,0.106,0.106,0.076,0.112,0.058,0.102,0.119,0.107,0.05,0.053,0.101,0.056,0.096,0.103,0.098,0.065,0.069,0.083,0.083,0.029,0.084,0.047,0.063,0.664,0.751,0.64,0.609,,0.197,0.084,0.238,0.232,0.215,0.145,0.09,0.084,0.172,0.0,0.018
Cryptosporidium muris,0.082,0.056,0.063,0.06,0.085,0.051,0.084,0.052,0.105,0.079,0.084,0.056,0.059,0.087,0.057,0.063,0.07,0.065,0.068,0.069,0.066,0.063,0.019,0.064,0.069,0.078,0.213,0.179,0.177,0.156,0.197,,0.314,0.127,0.152,0.143,0.308,0.103,0.111,0.098,0.0,0.079
Cryptosporidium parvum,0.136,0.106,0.101,0.132,0.132,0.088,0.14,0.106,0.159,0.117,0.14,0.096,0.083,0.115,0.073,0.103,0.1,0.137,0.106,0.107,0.101,0.123,0.054,0.069,0.098,0.096,0.122,0.086,0.093,0.097,0.084,0.314,,0.052,0.085,0.083,0.298,0.078,0.086,0.058,0.0,0.047
Plasmodium falciparum,0.069,0.022,0.032,0.053,0.049,0.025,0.057,0.026,0.055,0.062,0.039,0.021,0.038,0.05,0.037,0.041,0.045,0.048,0.026,0.028,0.03,0.026,0.024,0.053,0.031,0.051,0.22,0.232,0.217,0.245,0.238,0.127,0.052,,0.479,0.515,0.111,0.109,0.105,0.285,0.0,0.021
Plasmodium knowlesi,0.069,0.028,0.045,0.057,0.056,0.033,0.062,0.035,0.059,0.055,0.042,0.029,0.044,0.046,0.051,0.035,0.045,0.043,0.029,0.03,0.03,0.028,0.025,0.049,0.022,0.054,0.218,0.226,0.216,0.228,0.232,0.152,0.085,0.479,,0.766,0.108,0.117,0.123,0.257,0.0,0.025
Plasmodium vivax,0.086,0.035,0.05,0.071,0.072,0.045,0.076,0.04,0.073,0.071,0.053,0.038,0.06,0.063,0.057,0.058,0.059,0.059,0.044,0.048,0.044,0.042,0.024,0.056,0.035,0.06,0.222,0.215,0.212,0.227,0.215,0.143,0.083,0.515,0.766,,0.095,0.121,0.118,0.265,0.0,0.018
Toxoplasma gondii,0.084,0.066,0.066,0.074,0.078,0.045,0.078,0.073,0.1,0.104,0.08,0.062,0.051,0.106,0.055,0.087,0.085,0.088,0.075,0.073,0.083,0.073,0.055,0.086,0.095,0.098,0.159,0.141,0.133,0.127,0.145,0.308,0.298,0.111,0.108,0.095,,0.154,0.153,0.103,0.0,0.086
Leishmania infantum,0.077,0.068,0.07,0.063,0.076,0.043,0.071,0.063,0.079,0.076,0.048,0.067,0.048,0.075,0.056,0.066,0.059,0.075,0.033,0.036,0.063,0.037,0.078,0.074,0.071,0.092,0.095,0.095,0.086,0.082,0.09,0.103,0.078,0.109,0.117,0.121,0.154,,0.755,0.205,0.0,0.065
Leishmania major,0.06,0.065,0.072,0.049,0.062,0.046,0.059,0.068,0.061,0.055,0.042,0.065,0.044,0.063,0.049,0.051,0.047,0.056,0.032,0.031,0.049,0.036,0.057,0.058,0.059,0.072,0.087,0.092,0.093,0.082,0.084,0.111,0.086,0.105,0.123,0.118,0.153,0.755,,0.174,0.0,0.071
Trypanosoma cruzi,0.064,0.021,0.039,0.055,0.048,0.021,0.058,0.022,0.045,0.06,0.027,0.028,0.022,0.05,0.035,0.029,0.036,0.04,0.015,0.026,0.027,0.025,0.047,0.044,0.026,0.048,0.177,0.188,0.201,0.188,0.172,0.098,0.058,0.285,0.257,0.265,0.103,0.205,0.174,,0.0,0.031
Trachipleistophora hominis,0.0,0.0,0.0,0.0,0.0,0.0,0.0,0.0,0.0,0.0,0.0,0.0,0.0,0.0,0.0,0.0,0.0,0.0,0.0,0.0,0.0,0.0,0.0,0.0,0.0,0.0,0.0,0.0,0.0,0.0,0.0,0.0,0.0,0.0,0.0,0.0,0.0,0.0,0.0,0.0,,0.0
Vittaforma corneae,0.026,0.049,0.046,0.015,0.034,0.047,0.027,0.061,0.039,0.04,0.025,0.041,0.025,0.017,0.03,0.005,0.016,0.006,0.016,0.015,0.015,0.0,0.0,0.065,0.035,0.062,0.022,0.018,0.019,0.016,0.018,0.079,0.047,0.021,0.025,0.018,0.086,0.065,0.071,0.031,0.0,
