family,parasites,helminths,protozoa,parasite_groups,host_proteins,interactions,symbols,label
KOG1226,36,27,9,10,9,2183,"ITGB1, ITGB2, ITGB3, ITGB4, ITGB5, ITGB6, ITGB7, ITGB8, ITGBL1","ITGB1, ITGB2…"
KOG0994,36,27,9,8,5,836,"LAMA1, LAMB1, LAMB2, LAMB3, NTN4","LAMA1, LAMB1…"
KOG3540,35,27,8,7,4,1101,"APLP1, APLP2, APP, PODXL2","APLP1, APLP2…"
KOG2369,32,24,8,10,2,508,"LCAT, PLA2G15","LCAT, PLA2G15"
KOG4160,32,27,5,3,9,723,"BPI, BPIFB1, BPIFB2, BPIFB3, BPIFB6, BPIFC, CETP, LBP, PLTP","BPI, BPIFB1…"
KOG4338,31,26,5,6,2,547,"APOB, LOC400499","APOB, LOC400499"
KOG0782,31,21,10,6,2,344,"DGKI, DGKZ","DGKI, DGKZ"
KOG3058,31,20,11,4,3,160,"SAMD8, SGMS1, SGMS2","SAMD8, SGMS1…"
KOG3781,31,24,7,3,1,170,DAG1,DAG1
KOG1450,30,27,3,1,5,333,"ARHGAP12, ARHGAP15, ARHGAP27, ARHGAP9, SYDE2",ARHGAP12…
KOG3603,29,23,6,8,1,105,PLD5,PLD5
KOG1480,29,26,3,5,4,245,"UNC5A, UNC5C, UNC5CL, UNC5D","UNC5A, UNC5C…"
KOG4119,28,21,7,9,7,348,"GNG11, GNG12, GNG13, GNG5, GNG7, GNGT1, GNGT2","GNG11, GNG12…"
KOG1025,28,24,4,9,4,214,"EGFR, ERBB2, ERBB3, ERBB4","EGFR, ERBB2…"
KOG4292,28,23,5,6,6,401,"CDCP2, CUBN, MFRP, NRP1, PCOLCE, PCOLCE2","CDCP2, CUBN…"
KOG1348,28,23,5,3,1,60,LGMN,LGMN
KOG1544,28,25,3,1,2,243,"TINAG, TINAGL1","TINAG, TINAGL1"
KOG4087,27,22,5,7,5,304,"PLA2G10, PLA2G1B, PLA2G2A, PLA2G2D, PLA2G5","PLA2G10, PLA2G1B…"
KOG3509,27,24,3,4,2,114,"AGRN, HSPG2","AGRN, HSPG2"
KOG3108,26,18,8,9,3,409,"B2M, RPA2, STN1","B2M, RPA2…"
KOG4221,26,26,0,3,4,184,"DCC, IGDCC3, IGDCC4, NEO1","DCC, IGDCC3…"
KOG3724,26,22,4,3,1,51,C2ORF66,C2ORF66
KOG1933,26,19,7,2,3,334,"NPC1, NPC1L1, SCAP","NPC1, NPC1L1…"
KOG2091,26,25,1,2,1,53,CHID1,CHID1
KOG4257,25,21,4,9,2,112,"PTK2, PTK2B","PTK2, PTK2B"
KOG3511,25,25,0,3,5,253,"SORCS1, SORCS2, SORCS3, SORL1, SORT1","SORCS1, SORCS2…"
KOG3065,24,12,12,7,4,95,"SNAP23, SNAP25, SNAP29, SNAP47","SNAP23, SNAP25…"
KOG2497,24,15,9,4,5,119,"EEF1AKMT3, EEF2KMT, METTL22, TCTN1, TCTN3",EEF1AKMT3…
KOG0099,24,19,5,4,2,104,"GNAL, GNAS","GNAL, GNAS"
KOG1935,24,21,3,3,2,348,"PTCH1, PTCH2","PTCH1, PTCH2"
KOG4004,24,24,0,2,2,76,"SPARC, SPARCL1","SPARC, SPARCL1"
KOG3670,23,20,3,7,1,75,PLB1,PLB1
KOG1892,23,23,0,5,1,43,AFDN,AFDN
KOG3821,23,21,2,3,6,304,"GPC1, GPC2, GPC3, GPC4, GPC5, GPC6","GPC1, GPC2…"
KOG0860,22,9,13,9,6,316,"VAMP1, VAMP2, VAMP3, VAMP4, VAMP5, VAMP8","VAMP1, VAMP2…"
KOG2736,22,16,6,6,2,96,"PSEN1, PSEN2","PSEN1, PSEN2"
KOG1998,22,13,9,3,7,608,"CLRN2, CLRN3, DOCK1, DOCK2, DOCK3, DOCK4, DOCK5","CLRN2, CLRN3…"
KOG0085,22,18,4,3,4,136,"GNA11, GNA14, GNA15, GNAQ","GNA11, GNA14…"
KOG1388,21,17,4,7,7,165,"AFTPH, ATRN, ATRNL1, MEGF8, PAFAH1B2, PAFAH1B3, TMEM145","AFTPH, ATRN…"
KOG1162,21,16,5,2,1,64,XPR1,XPR1
KOG1340,21,20,1,1,4,57,"GNLY, PSAP, PSAPL1, SFTPB","GNLY, PSAP…"
KOG4337,21,21,0,1,1,30,MTTP,MTTP
KOG0033,20,13,7,13,4,90,"CAMK2A, CAMK2B, CAMK2D, CASK","CAMK2A, CAMK2B…"
KOG1225,20,19,1,3,3,65,"TNC, TNR, WIF1","TNC, TNR…"
KOG1934,20,20,0,2,3,129,"PLEKHD1, PTCHD4, SMPDL3A","PLEKHD1, PTCHD4…"
KOG3092,19,9,10,8,2,129,"CSNK2B, LY6G5B","CSNK2B, LY6G5B"
KOG3770,19,11,8,4,2,45,"SMPD1, SMPDL3B","SMPD1, SMPDL3B"
KOG3690,19,18,1,1,3,74,"ACE, ACE2, CLTRN","ACE, ACE2…"
KOG1029,18,13,5,5,2,35,"ITSN1, ITSN2","ITSN1, ITSN2"
KOG1656,18,13,5,4,2,31,"CHMP4B, TM9SF1","CHMP4B, TM9SF1"
KOG3972,18,15,3,3,2,75,"APH1A, APH1B","APH1A, APH1B"
KOG3402,18,15,3,3,1,60,PSENEN,PSENEN
KOG3676,18,17,1,2,5,140,"TRPV1, TRPV2, TRPV4, TRPV5, TRPV6","TRPV1, TRPV2…"
KOG0696,17,12,5,7,3,30,"PRKCA, PRKCB, PRKCG","PRKCA, PRKCB…"
KOG4728,16,12,4,7,3,84,"BCL2L14, BNIP5, GLMP","BCL2L14, BNIP5…"
KOG4222,16,14,2,5,3,96,"ROBO1, ROBO2, ROBO4","ROBO1, ROBO2…"
KOG3638,16,16,0,4,3,132,"DHH, IHH, SHH","DHH, IHH…"
KOG2232,16,10,6,3,2,57,"ASAH2, ASAH2B","ASAH2, ASAH2B"
KOG3722,16,14,2,1,2,95,"LMBR1, LMBR1L","LMBR1, LMBR1L"
KOG0264,15,5,10,9,3,278,"RBBP4, RBBP7, WDR73","RBBP4, RBBP7…"
KOG0035,15,13,2,5,7,50,"ACTN1, ACTN2, ACTN4, EHBP1, EHBP1L1, GANC, MICALL2","ACTN1, ACTN2…"
KOG1385,15,9,6,5,1,37,ENTPD5,ENTPD5
KOG1654,14,5,9,10,5,160,"GABARAP, GABARAPL2, MAP1LC3A, MAP1LC3B, MAP1LC3B2",GABARAP…
KOG0811,14,4,10,9,4,73,"NAIF1, STX12, STX7, TSNARE1","NAIF1, STX12…"
KOG3681,14,11,3,6,5,85,"CTNNA1, CTNNA2, CTNNA3, CTNNAL1, VCL","CTNNA1, CTNNA2…"
KOG1386,14,8,6,6,3,72,"ENTPD1, ENTPD3, ENTPD8","ENTPD1, ENTPD3…"
KOG3626,14,8,6,3,9,94,"SLCO1A2, SLCO1B1, SLCO1B3, SLCO1C1, SLCO2A1, SLCO2B1, SLCO3A1, SLCO4A1, SLCO4C1","SLCO1A2, SLCO1B1…"
KOG2552,14,12,2,3,1,93,PGLYRP2,PGLYRP2
KOG0366,14,5,9,3,1,28,RABGGTB,RABGGTB
KOG1449,14,14,0,1,6,65,"ARHGAP30, ARHGAP31, ARHGAP32, ARHGAP33, ATCAY, PRR5",ARHGAP30…
KOG4611,14,6,8,1,1,18,TMEM67,TMEM67
KOG0861,13,4,9,7,1,28,YKT6,YKT6
KOG1983,13,5,8,6,4,53,"LLGL1, LLGL2, STXBP5, STXBP6","LLGL1, LLGL2…"
KOG2243,13,7,6,5,3,29,"RYR1, RYR2, RYR3","RYR1, RYR2…"
KOG4063,13,6,7,2,1,22,NPC2,NPC2
KOG3664,13,12,1,1,2,80,"DISP1, DISP2","DISP1, DISP2"
KOG1265,12,6,6,14,5,115,"CCDC88B, PLCB1, PLCB2, PLCB3, PLCB4","CCDC88B, PLCB1…"
KOG3764,12,6,6,8,2,62,"SLC18A2, SLC18B1","SLC18A2, SLC18B1"
KOG0595,12,5,7,6,5,340,"PDIK1L, STK35, ULK1, ULK2, ULK3","PDIK1L, STK35…"
KOG0668,12,5,7,6,2,132,"CSNK2A1, CSNK2A2","CSNK2A1, CSNK2A2"
KOG0480,12,8,4,6,3,62,"MCM6, MCMDC2, TM4SF19","MCM6, MCMDC2…"
KOG0603,12,5,7,5,10,141,"HDX, RPS6KA1, RPS6KA2, RPS6KA3, RPS6KA4, RPS6KA5, RPS6KA6, RPS6KC1, RPS6KL1, SNX15","HDX, RPS6KA1…"
KOG3521,12,11,1,4,5,113,"LZTR1, PLEKHG5, PLEKHG6, TNFRSF1A, TNFRSF25","LZTR1, PLEKHG5…"
KOG1976,12,9,3,3,1,27,INPP5A,INPP5A
KOG1306,12,9,3,2,5,79,"ADGRV1, FREM3, SLC8A1, SLC8A2, SLC8A3","ADGRV1, FREM3…"
KOG3520,12,9,3,2,7,42,"AKAP13, ARHGEF1, ARHGEF11, ARHGEF12, ARHGEF18, ARHGEF2, ARHGEF28","AKAP13, ARHGEF1…"
KOG3697,12,12,0,2,4,18,"SHC1, SHC2, SHC3, SHC4","SHC1, SHC2…"
KOG4000,12,11,1,2,1,14,MVB12B,MVB12B
KOG3531,12,11,1,1,2,70,"FARP1, FARP2","FARP1, FARP2"
KOG1786,11,5,6,9,5,204,"LYST, NSMAF, WDFY3, WDFY4, WDR81","LYST, NSMAF…"
KOG0643,11,5,6,8,1,44,EIF3I,EIF3I
KOG1738,11,3,8,5,4,61,"CNKSR1, CNKSR2, CNKSR3, IPCEF1","CNKSR1, CNKSR2…"
KOG2999,11,5,6,4,3,279,"ELMO1, ELMO2, ELMO3","ELMO1, ELMO2…"
KOG1091,11,5,6,4,1,95,TBC1D5,TBC1D5
KOG3874,11,5,6,4,1,93,ATG13,ATG13
KOG4572,11,5,6,4,1,91,RB1CC1,RB1CC1
KOG2619,11,9,2,4,2,24,"FUT11, GPATCH3","FUT11, GPATCH3"
KOG2660,11,5,6,2,6,109,"BMI1, PCGF1, PCGF2, PCGF3, PCGF5, PCGF6","BMI1, PCGF1…"
KOG2171,11,1,10,2,3,62,"IPO4, IPO5, RANBP6","IPO4, IPO5…"
KOG1165,11,8,3,2,3,50,"CSNK1G1, CSNK1G2, CSNK1G3","CSNK1G1, CSNK1G2…"
KOG0285,10,5,5,13,1,68,PLRG1,PLRG1
KOG0289,10,5,5,13,1,66,PRPF19,PRPF19
KOG0282,10,5,5,12,2,118,"CDC40, WDR25","CDC40, WDR25"
KOG1240,10,5,5,11,1,43,PIK3R4,PIK3R4
KOG0647,10,5,5,10,1,40,RAE1,RAE1
KOG2127,10,5,5,7,5,179,"DENND3, DENND4A, DENND4B, DENND4C, WDR54","DENND3, DENND4A…"
KOG0649,10,5,5,7,1,39,THOC6,THOC6
KOG1407,10,5,5,7,1,39,THOC3,THOC3
KOG0121,10,5,5,6,2,36,"NCBP2, NCBP2L","NCBP2, NCBP2L"
KOG1104,10,5,5,6,1,23,NCBP1,NCBP1
KOG4590,10,9,1,5,5,33,"ENAH, EVL, SPRED1, SPRED2, VASP","ENAH, EVL…"
KOG1053,10,9,1,5,5,26,"GRIN2A, GRIN2B, GRIN2C, GRIN2D, GRIN3A","GRIN2A, GRIN2B…"
KOG1959,10,7,3,5,2,18,"CCNB1IP1, MAN2B2","CCNB1IP1, MAN2B2"
KOG3557,10,9,1,5,3,14,"EPS8, EPS8L1, EPS8L2","EPS8, EPS8L1…"
KOG2006,10,5,5,4,1,93,RIC1,RIC1
KOG3812,10,4,6,4,4,39,"CACNB1, CACNB2, CACNB3, CACNB4","CACNB1, CACNB2…"
KOG3452,10,5,5,4,1,20,RPL36,RPL36
KOG1560,10,5,5,4,1,12,EIF3H,EIF3H
KOG3642,10,7,3,3,10,65,"GABRA1, GABRA2, GABRA3, GABRA4, GABRA5, GABRA6, GABRE, GABRG1, GABRG2, GABRG3","GABRA1, GABRA2…"
KOG4818,10,10,0,2,5,107,"C16ORF89, CD68, LAMP1, LAMP2, LAMP3","C16ORF89, CD68…"
KOG2088,10,8,2,2,4,50,"DAGLA, DAGLB, KIAA0895, KIAA0895L","DAGLA, DAGLB…"
KOG3597,10,10,0,2,2,16,"CSPG4, FRAS1","CSPG4, FRAS1"
KOG2183,10,10,0,1,2,26,"DPP7, PRCP","DPP7, PRCP"
KOG1242,10,0,10,1,1,19,GCN1,GCN1
KOG1264,9,5,4,15,2,66,"PLCG1, PLCG2","PLCG1, PLCG2"
KOG0286,9,5,4,13,2,82,"GNB3, GNB5","GNB3, GNB5"
KOG0275,9,5,4,11,1,59,SMU1,SMU1
KOG0265,9,5,4,10,1,54,SNRNP40,SNRNP40
KOG0313,9,5,4,9,1,78,WDR12,WDR12
KOG1272,9,5,4,9,1,78,WDR46,WDR46
KOG2055,9,5,4,9,1,78,UTP18,UTP18
KOG1898,9,5,4,9,1,33,SF3B3,SF3B3
KOG3485,9,5,4,9,1,33,SF3B5,SF3B5
KOG2441,9,5,4,8,1,30,SNW1,SNW1
KOG4206,9,5,4,7,4,116,"RBM41, RNPC3, SNRPA, SNRPB2","RBM41, RNPC3…"
KOG3428,9,5,4,7,2,58,"LSM10, SNRPD1","LSM10, SNRPD1"
KOG1036,9,5,4,7,1,38,BUB3,BUB3
KOG0772,9,5,4,7,1,36,WDR70,WDR70
KOG1517,9,5,4,7,1,35,RPTOR,RPTOR
KOG4328,9,5,4,7,1,35,DDB2,DDB2
KOG0050,9,5,4,7,1,32,CDC5L,CDC5L
KOG0213,9,5,4,7,1,29,SF3B1,SF3B1
KOG1780,9,5,4,7,1,29,SNRPG,SNRPG
KOG2330,9,5,4,7,1,29,SF3B2,SF3B2
KOG3172,9,5,4,7,1,29,SNRPD3,SNRPD3
KOG3459,9,5,4,7,1,29,SNRPD2,SNRPD2
KOG3482,9,5,4,7,1,29,SNRPF,SNRPF
KOG0227,9,5,4,7,1,26,SF3A2,SF3A2
KOG1334,9,5,4,6,3,96,"DCAF6, DCAF8, DCAF8L1","DCAF6, DCAF8…"
KOG2167,9,5,4,6,2,68,"CUL4A, CUL4B","CUL4A, CUL4B"
KOG2256,9,5,4,6,1,60,NOC2L,NOC2L
KOG1213,9,5,4,6,3,53,"RAD21, RAD21L1, REC8","RAD21, RAD21L1…"
KOG0267,9,5,4,6,1,34,KATNB1,KATNB1
KOG0271,9,5,4,6,1,34,NLE1,NLE1
KOG0294,9,5,4,6,1,34,PAK1IP1,PAK1IP1
KOG0302,9,5,4,6,1,34,GRWD1,GRWD1
KOG0308,9,5,4,6,1,34,WDR48,WDR48
KOG0318,9,5,4,6,1,34,WDR1,WDR1
KOG1007,9,5,4,6,1,34,EIPR1,EIPR1
KOG1310,9,5,4,6,1,34,WDTC1,WDTC1
KOG1446,9,5,4,6,1,34,WDR82,WDR82
KOG1897,9,5,4,6,1,34,DDB1,DDB1
KOG1795,9,5,4,6,1,28,PRPF8,PRPF8
KOG1915,9,5,4,6,1,26,CRNKL1,CRNKL1
KOG0007,9,5,4,6,1,25,SF3A1,SF3A1
KOG0131,9,5,4,6,1,25,SF3B4,SF3B4
KOG1705,9,5,4,6,1,25,PHF5A,PHF5A
KOG2636,9,5,4,6,1,25,SF3A3,SF3A3
KOG0478,9,5,4,6,1,24,MCM4,MCM4
KOG2981,9,5,4,6,1,14,ATG3,ATG3
KOG0533,9,5,4,5,2,90,"ALYREF, POLDIP3","ALYREF, POLDIP3"
KOG1869,9,5,4,5,3,80,"SNRNP48, SRRM2, SRRM3","SNRNP48, SRRM2…"
KOG0153,9,5,4,5,3,75,"PPARGC1A, PPRC1, RBM22","PPARGC1A, PPRC1…"
KOG0268,9,5,4,5,1,52,DCAF13,DCAF13
KOG3168,9,5,4,5,2,50,"SNRPB, SNRPN","SNRPB, SNRPN"
KOG0974,9,5,4,5,1,32,WDR6,WDR6
KOG1832,9,5,4,5,1,31,DCAF1,DCAF1
KOG1882,9,5,4,5,1,24,SNIP1,SNIP1
KOG2654,9,5,4,5,1,24,BUD13,BUD13
KOG1299,9,0,9,5,1,12,VPS45,VPS45
KOG3404,9,5,4,4,1,23,BUD31,BUD31
KOG1586,9,0,9,4,2,18,"NAPA, NAPB","NAPA, NAPB"
KOG1245,9,5,4,3,4,220,"BAZ1A, BAZ1B, BAZ2A, BAZ2B","BAZ1A, BAZ1B…"
KOG3631,9,8,1,3,3,16,"PARVA, PARVB, PARVG","PARVA, PARVB…"
KOG3251,9,0,9,3,1,10,GOSR2,GOSR2
KOG3858,9,9,0,2,8,54,"B4DXG7_HUMAN, EFNA1, EFNA2, EFNA4, EFNA5, EFNB1, EFNB2, EFNB3",B4DXG7_HUMAN…
KOG3512,9,9,0,2,4,46,"NTN1, NTN3, NTN5, NTNG1","NTN1, NTN3…"
KOG0037,9,4,5,2,5,45,"CAPNS1, GCA, PDCD6, PEF1, SRI","CAPNS1, GCA…"
KOG4466,9,0,9,2,3,44,"BRMS1, BRMS1L, SUDS3","BRMS1, BRMS1L…"
KOG0515,9,8,1,2,5,28,"IFNAR1, IL10RB, PPP1R13B, PPP1R13L, TP53BP2","IFNAR1, IL10RB…"
KOG1076,9,5,4,2,2,20,"EIF3C, EIF3CL","EIF3C, EIF3CL"
KOG3677,9,5,4,2,2,20,"EIF3L, MICALL1","EIF3L, MICALL1"
KOG0021,9,5,4,2,1,16,GSS,GSS
KOG4566,9,9,0,2,8,16,"CISH, SOCS1, SOCS2, SOCS3, SOCS4, SOCS5, SOCS6, SOCS7","CISH, SOCS1…"
KOG0122,9,5,4,2,1,10,EIF3G,EIF3G
KOG2479,9,5,4,2,1,10,EIF3D,EIF3D
KOG2758,9,5,4,2,1,10,EIF3E,EIF3E
KOG3252,9,5,4,2,1,10,EIF3K,EIF3K
KOG4813,9,5,4,2,1,10,EIF3J,EIF3J
KOG0310,8,5,3,11,1,81,UTP15,UTP15
KOG0291,8,5,3,10,1,74,PWP2,PWP2
KOG0575,8,4,4,9,5,65,"PLK1, PLK2, PLK3, PLK4, PLK5","PLK1, PLK2…"
KOG3529,8,5,3,7,9,75,"CCDC120, ERMN, EZR, FRMD4A, FRMD4B, INAVA, MSN, NF2, RDX","CCDC120, ERMN…"
KOG3535,8,5,3,7,3,57,"DAB1, DAB2, FYB1","DAB1, DAB2…"
KOG3283,8,5,3,7,1,55,RPS8,RPS8
KOG3320,8,5,3,7,1,55,RPS7,RPS7
KOG1302,8,0,8,7,2,40,"VPS33A, VPS33B","VPS33A, VPS33B"
KOG2642,8,3,5,7,2,26,"BAIAP2, BAIAP2L1","BAIAP2, BAIAP2L1"
KOG0834,8,0,8,6,4,55,"CCNK, CCNQ, CCNT1, CCNT2","CCNK, CCNQ…"
KOG1033,8,5,3,6,1,37,EIF2AK2,EIF2AK2
KOG3460,8,5,3,6,2,32,"C19ORF54, LSM3","C19ORF54, LSM3"
KOG0479,8,5,3,6,1,24,MCM3,MCM3
KOG1775,8,5,3,6,1,23,LSM5,LSM5
KOG1781,8,5,3,6,1,23,LSM7,LSM7
KOG1783,8,5,3,6,1,23,LSM6,LSM6
KOG1784,8,5,3,6,1,23,LSM8,LSM8
KOG3293,8,5,3,6,1,23,LSM4,LSM4
KOG3448,8,5,3,6,1,23,LSM2,LSM2
KOG2066,8,0,8,6,1,18,VPS41,VPS41
KOG0009,8,5,3,6,1,16,FAU,FAU
KOG3038,8,4,4,6,1,12,SGF29,SGF29
KOG3565,8,5,3,5,10,97,"ARHGAP4, FCHSD1, FCHSD2, FNBP1, FNBP1L, SRGAP1, SRGAP2, SRGAP3, THUMPD3, TRIP10","ARHGAP4, FCHSD1…"
KOG2146,8,5,3,5,1,41,SRRM1,SRRM1
KOG0150,8,5,3,5,1,25,WBP4,WBP4
KOG0495,8,5,3,5,1,25,PRPF6,PRPF6
KOG2889,8,5,3,5,1,25,PRPF38A,PRPF38A
KOG3096,8,5,3,5,1,25,BCAS2,BCAS2
KOG3414,8,5,3,5,1,25,TXNL4A,TXNL4A
KOG4727,8,5,3,5,1,25,ZMAT2,ZMAT2
KOG0481,8,5,3,5,1,23,MCM5,MCM5
KOG0482,8,5,3,5,1,23,MCM7,MCM7
KOG2063,8,0,8,5,2,19,"TGFBRAP1, VPS39","TGFBRAP1, VPS39"
KOG2685,8,5,3,4,4,108,"TEKT1, TEKT2, TEKT3, TEKT4","TEKT1, TEKT2…"
KOG0796,8,5,3,4,3,51,"LUC7L, LUC7L2, LUC7L3","LUC7L, LUC7L2…"
KOG4207,8,5,3,4,1,42,SRSF2,SRSF2
KOG2909,8,5,3,4,2,38,"ATP6V1C1, ATP6V1C2",ATP6V1C1…
KOG0240,8,2,6,4,5,33,"KIF5A, KIF5B, KIF5C, LYPD6, LYPD6B","KIF5A, KIF5B…"
KOG4139,8,5,3,4,3,25,"DBF4, DBF4B, ELN","DBF4, DBF4B…"
KOG2498,8,5,3,4,1,22,IK,IK
KOG3493,8,5,3,4,1,22,UBL5,UBL5
KOG0279,8,5,3,4,2,20,"RACK1, WDR31","RACK1, WDR31"
KOG3344,8,5,3,4,2,19,"RPS10, RPS10-NUDT3",RPS10…
KOG2199,8,5,3,4,2,18,"STAM, STAM2","STAM, STAM2"
KOG0114,8,5,3,4,1,17,SF3B6,SF3B6
KOG2253,8,5,3,4,1,17,RBM25,RBM25
KOG3486,8,5,3,4,1,11,RPS21,RPS21
KOG2930,8,4,4,4,1,10,RNF7,RNF7
KOG3746,8,5,3,3,3,264,"SESN1, SESN2, SESN3","SESN1, SESN2…"
KOG0837,8,4,4,3,3,48,"JUN, JUNB, JUND","JUN, JUNB…"
KOG0147,8,5,3,3,3,42,"LEMD3, RBM23, RBM39","LEMD3, RBM23…"
KOG0152,8,5,3,3,3,37,"PRPF40B, WAC, ZC2HC1C","PRPF40B, WAC…"
KOG3077,8,7,1,3,7,37,"ADPRH, ADPRHL1, DCUN1D1, DCUN1D2, DCUN1D3, DCUN1D4, DCUN1D5","ADPRH, ADPRHL1…"
KOG1772,8,5,3,3,2,34,"ATP6V1G1, ATP6V1G2",ATP6V1G1…
KOG0965,8,5,3,3,2,30,"SUGP1, SUGP2","SUGP1, SUGP2"
KOG2295,8,5,3,3,1,20,SRRT,SRRT
KOG4672,8,5,3,3,1,20,WBP11,WBP11
KOG3407,8,5,3,3,1,18,CCDC12,CCDC12
KOG2759,8,5,3,3,1,17,ATP6V1H,ATP6V1H
KOG0670,8,5,3,3,1,16,PRPF4B,PRPF4B
KOG3473,8,4,4,3,1,12,ELOC,ELOC
KOG3580,8,8,0,2,3,36,"TJP1, TJP2, TJP3","TJP1, TJP2…"
KOG4246,8,5,3,2,2,28,"CCAR1, CCAR2","CCAR1, CCAR2"
KOG4225,8,7,1,2,6,26,"NCF2, SH3D19, SH3RF3, SORBS1, SORBS2, SORBS3","NCF2, SH3D19…"
KOG0739,8,5,3,2,2,16,"VPS4A, VPS4B","VPS4A, VPS4B"
KOG1150,8,5,3,2,1,14,DNAJC8,DNAJC8
KOG1548,8,5,3,2,1,14,HTATSF1,HTATSF1
KOG1880,8,5,3,2,1,14,PPP1R8,PPP1R8
KOG3427,8,5,3,2,1,14,PQBP1,PQBP1
KOG2753,8,5,3,2,1,10,EIF3M,EIF3M
KOG1655,8,5,3,2,1,8,CHMP5,CHMP5
KOG2911,8,5,3,2,1,8,CHMP7,CHMP7
KOG1633,8,5,3,1,6,87,"FBXL19, KDM2A, KDM2B, KDM7A, PHF2, PHF8","FBXL19, KDM2A…"
KOG3727,8,8,0,1,3,27,"FERMT1, FERMT2, FERMT3","FERMT1, FERMT2…"
KOG4261,8,8,0,1,3,21,"TLN1, TLN2, TLNRD1","TLN1, TLN2…"
KOG4729,8,8,0,1,2,20,"ADGRL1, ADGRL2","ADGRL1, ADGRL2"
KOG3754,8,5,3,1,1,15,GCLC,GCLC
KOG4059,8,5,3,1,1,15,GGCT,GGCT
KOG1435,8,5,3,1,1,14,LBR,LBR
KOG0891,7,3,4,9,3,108,"MTOR, PRKDC, SMG1","MTOR, PRKDC…"
KOG0906,7,1,6,9,1,15,PIK3C3,PIK3C3
KOG2110,7,3,4,7,2,22,"WIPI1, WIPI2","WIPI1, WIPI2"
KOG2020,7,2,5,6,4,39,"RSPH4A, XPO1, XPO5, XPO6","RSPH4A, XPO1…"
KOG4504,7,3,4,6,1,30,IGF2R,IGF2R
KOG2751,7,1,6,6,1,12,BECN1,BECN1
KOG3273,7,5,2,5,2,92,"GCC1, NCOA6","GCC1, NCOA6"
KOG2469,7,1,6,5,3,39,"NT5C2, NT5DC1, NT5DC4","NT5C2, NT5DC1…"
KOG0126,7,5,2,5,1,19,RBMX2,RBMX2
KOG4684,7,3,4,5,1,12,PIP4P1,PIP4P1
KOG3439,7,3,4,5,1,10,ATG12,ATG12
KOG4191,7,4,3,5,1,10,TADA3,TADA3
KOG2157,7,1,6,4,7,62,"TTL, TTLL1, TTLL10, TTLL2, TTLL3, TTLL5, TTLL8","TTL, TTLL1…"
KOG1241,7,4,3,4,1,45,KPNB1,KPNB1
KOG0288,7,3,4,4,2,15,"ATG16L1, ATG16L2","ATG16L1, ATG16L2"
KOG2047,7,4,3,4,1,12,XAB2,XAB2
KOG3128,7,1,6,4,1,12,NT5C3B,NT5C3B
KOG0079,7,4,3,4,2,11,"IFT27, RAB35","IFT27, RAB35"
KOG2353,7,1,6,3,5,40,"CACHD1, CACNA2D1, CACNA2D2, CACNA2D3, CACNA2D4","CACHD1, CACNA2D1…"
KOG0932,7,2,5,3,4,31,"PSD, PSD2, PSD3, PSD4","PSD, PSD2…"
KOG0931,7,2,5,3,3,28,"IQSEC1, IQSEC2, IQSEC3","IQSEC1, IQSEC2…"
KOG1493,7,5,2,3,3,21,"ANAPC11, FAM89A, FAM89B","ANAPC11, FAM89A…"
KOG1818,7,5,2,3,3,20,"HGS, ZFYVE1, ZFYVE19","HGS, ZFYVE1…"
KOG1048,7,6,1,3,6,18,"ARVCF, CTNND1, PKP1, PKP2, PKP3, PKP4","ARVCF, CTNND1…"
KOG3250,7,4,3,3,2,18,"COPS7A, COPS7B","COPS7A, COPS7B"
KOG2302,7,6,1,3,2,15,"CACNA1G, CACNA1H","CACNA1G, CACNA1H"
KOG2340,7,3,4,3,1,10,UTP25,UTP25
KOG3165,7,3,4,3,1,10,FCF1,FCF1
KOG4371,7,3,4,3,1,10,FRMD6,FRMD6
KOG4440,7,7,0,3,1,10,GRIN1,GRIN1
KOG0686,7,4,3,3,1,9,GPS1,GPS1
KOG1464,7,4,3,3,1,9,COPS2,COPS2
KOG1497,7,4,3,3,1,9,COPS4,COPS4
KOG2582,7,4,3,3,1,9,COPS3,COPS3
KOG4414,7,4,3,3,1,9,COPS8,COPS8
KOG0117,7,5,2,2,7,71,"A1CF, HNRNPR, RAVER1, RAVER2, RBM46, RBM47, SYNCRIP","A1CF, HNRNPR…"
KOG3776,7,6,1,2,7,38,"CD36, LYZ, LYZL1, LYZL2, LYZL4, SCARB1, SCARB2","CD36, LYZ…"
KOG2716,7,0,7,2,3,33,"KCTD10, KCTD13, TNFAIP1","KCTD10, KCTD13…"
KOG2461,7,7,0,2,10,27,"CYBA, PDPN, PRDM1, PRDM11, PRDM2, PRDM4, PRDM5, PRDM6, PRDM8, ZNF683","CYBA, PDPN…"
KOG3643,7,4,3,2,6,27,"GABRB1, GABRB2, GABRB3, GABRD, GABRP, GABRR2","GABRB1, GABRB2…"
KOG2197,7,5,2,2,4,26,"TBC1D15, TBC1D17, TBC1D21, TBC1D25","TBC1D15, TBC1D17…"
KOG3684,7,3,4,2,3,26,"KCNN2, KCNN3, KCNN4","KCNN2, KCNN3…"
KOG0332,7,5,2,2,3,24,"DDX19A, DDX19B-2, DDX25","DDX19A, DDX19B-2…"
KOG1219,7,7,0,2,4,18,"C5ORF22, FAT1, FAT2, FAT3","C5ORF22, FAT1…"
KOG1274,7,4,3,2,1,12,WDHD1,WDHD1
KOG1974,7,4,3,2,1,12,TIMELESS,TIMELESS
KOG3176,7,4,3,2,1,12,GINS4,GINS4
KOG4071,7,4,3,2,1,12,GINS2,GINS2
KOG4109,7,0,7,2,1,11,DPY30,DPY30
KOG4446,7,0,7,2,1,11,MKS1,MKS1
KOG0155,7,5,2,2,1,8,TCERG1,TCERG1
KOG4800,7,7,0,1,2,15,"GPM6A, PLP1","GPM6A, PLP1"
KOG2837,7,0,7,1,1,8,KIN,KIN
KOG3067,7,4,3,1,1,7,TSN,TSN
KOG0904,6,3,3,11,4,71,"PIK3CA, PIK3CB, PIK3CD, PIK3CG","PIK3CA, PIK3CB…"
KOG4637,6,2,4,11,3,47,"PIK3R1, PIK3R2, PIK3R3","PIK3R1, PIK3R2…"
KOG0299,6,5,1,9,1,72,RRP9,RRP9
KOG0905,6,3,3,8,3,51,"PIK3C2A, PIK3C2B, PIK3C2G","PIK3C2A, PIK3C2B…"
KOG4283,6,5,1,6,1,29,ERCC8,ERCC8
KOG1823,6,5,1,5,1,49,UTP20,UTP20
KOG3601,6,0,6,5,4,46,"GRAP, GRAP2, GRAPL, GRB2","GRAP, GRAP2…"
KOG0316,6,5,1,5,1,27,WDR83,WDR83
KOG1169,6,0,6,5,4,23,"DGKA, DGKB, DGKG, DGKQ","DGKA, DGKB…"
KOG0999,6,3,3,5,2,22,"BICD1, BICD2","BICD1, BICD2"
KOG4719,6,1,5,5,1,11,NUP153,NUP153
KOG2085,6,0,6,4,5,105,"PPP2R5A, PPP2R5B, PPP2R5C, PPP2R5D, PPP2R5E","PPP2R5A, PPP2R5B…"
KOG4582,6,0,6,4,4,53,"GSAP, MIB2, NBR1, SQSTM1","GSAP, MIB2…"
KOG2573,6,5,1,4,1,45,NOP56,NOP56
KOG0580,6,0,6,4,3,42,"AURKA, AURKB, AURKC","AURKA, AURKB…"
KOG3751,6,5,1,4,5,40,"APBB1IP, GRB10, GRB14, GRB7, RAPH1","APBB1IP, GRB10…"
KOG0526,6,0,6,4,2,38,"SSRP1, TNKS1BP1","SSRP1, TNKS1BP1"
KOG2122,6,5,1,4,2,18,"APC, APC2","APC, APC2"
KOG2172,6,3,3,4,2,18,"UTP14A, UTP14C","UTP14A, UTP14C"
KOG2549,6,4,2,4,2,18,"TAF6, TAF6L","TAF6, TAF6L"
KOG0096,6,3,3,4,5,16,"ADGRB1, ADGRB2, ADGRB3, ADGRD1, RAN","ADGRB1, ADGRB2…"
KOG3639,6,1,5,4,2,15,"CC2D2A, CC2D2B","CC2D2A, CC2D2B"
KOG2034,6,0,6,4,1,10,VPS18,VPS18
KOG3423,6,4,2,4,1,9,TAF10,TAF10
KOG1010,6,4,2,3,3,126,"RB1, RBL1, RBL2","RB1, RBL1…"
KOG0043,6,5,1,3,2,54,"EFHC1, EFHC2","EFHC1, EFHC2"
KOG3213,6,5,1,3,2,54,"CFAP20, WDR90","CFAP20, WDR90"
KOG3961,6,5,1,3,2,52,"PACRG, PACRGL","PACRG, PACRGL"
KOG4384,6,3,3,3,4,35,"INPPL1, SAMSN1, SASH1, SASH3","INPPL1, SAMSN1…"
KOG3982,6,3,3,3,2,33,"RUNX1, RUNX3","RUNX1, RUNX3"
KOG1867,6,4,2,3,3,24,"USP22, USP3, USP44","USP22, USP3…"
KOG2528,6,1,5,3,3,20,"SNX18, SNX33, SNX9","SNX18, SNX33…"
KOG2556,6,0,6,3,2,17,"LMLN, SMCR8","LMLN, SMCR8"
KOG1189,6,0,6,3,1,16,SUPT16H,SUPT16H
KOG0243,6,0,6,3,2,14,"KIF11, ZCWPW2","KIF11, ZCWPW2"
KOG2729,6,6,0,3,3,11,"CNIH1, CNIH2, CNIH3","CNIH1, CNIH2…"
KOG0570,6,4,2,3,1,8,MED7,MED7
KOG4479,6,4,2,3,1,8,ENY2,ENY2
KOG2609,6,4,2,3,1,7,SYF2,SYF2
KOG3818,6,5,1,3,1,7,POLE2,POLE2
KOG2046,6,5,1,2,7,182,"CFAP45, CNN1, CNN2, CNN3, TAGLN, TAGLN2, TAGLN3","CFAP45, CNN1…"
KOG0107,6,5,1,2,4,80,"SRSF3, SRSF7, TPRG1, TPRG1L","SRSF3, SRSF7…"
KOG0977,6,5,1,2,6,42,"GFAP, LMNA, LMNB1, LMNB2, LMNTD1, LMNTD2","GFAP, LMNA…"
KOG0277,6,5,1,2,1,24,PEX7,PEX7
KOG3533,6,3,3,2,3,18,"ITPR1, ITPR2, ITPR3","ITPR1, ITPR2…"
KOG3775,6,4,2,2,2,13,"MAPK8IP1, MAPK8IP2",MAPK8IP1…
KOG2391,6,5,1,2,2,12,"TSG101, UEVLD","TSG101, UEVLD"
KOG4549,6,5,1,2,2,11,"MDP1, NEDD8-MDP1","MDP1, NEDD8-MDP1"
KOG3004,6,4,2,2,1,10,TIPIN,TIPIN
KOG4162,6,0,6,2,2,9,"TTC7A, TTC7B","TTC7A, TTC7B"
KOG2950,6,5,1,2,1,8,CD2BP2,CD2BP2
KOG2734,6,5,1,2,1,7,CTNNBL1,CTNNBL1
KOG3142,6,5,1,2,1,7,MAEA,MAEA
KOG0917,6,5,1,2,1,6,VTA1,VTA1
KOG1806,6,4,2,2,1,6,AQR,AQR
KOG2760,6,5,1,2,1,6,VPS36,VPS36
KOG2827,6,4,2,2,1,6,SDE2,SDE2
KOG3068,6,4,2,2,1,6,ISY1,ISY1
KOG3232,6,5,1,2,1,6,CHMP1A,CHMP1A
KOG3284,6,5,1,2,1,6,VPS28,VPS28
KOG3341,6,5,1,2,1,6,SNF8,SNF8
KOG3542,6,1,5,2,1,6,RAPGEF2,RAPGEF2
KOG4068,6,5,1,2,1,6,VPS25,VPS25
KOG4231,6,5,1,2,1,6,PPHLN1,PPHLN1
KOG3963,6,5,1,1,5,105,"MAB21L1, MAB21L2, MAB21L3, MB21D2, MID1IP1","MAB21L1, MAB21L2…"
KOG0201,6,4,2,1,3,18,"MAP3K8, STK25, STK26","MAP3K8, STK25…"
KOG4064,6,5,1,1,1,12,CDO1,CDO1
KOG2397,6,6,0,1,1,11,GNPTG,GNPTG
KOG2696,6,5,1,1,1,6,HAT1,HAT1
KOG2768,6,5,1,1,1,6,EIF2S2,EIF2S2
KOG3726,6,3,3,1,1,6,DCST1,DCST1
KOG1453,5,1,4,8,8,134,"ARHGAP19, ARHGAP29, ARHGAP45, CHN1, CHN2, GMIP, MYO9A, MYO9B",ARHGAP19…
KOG1089,5,1,4,8,7,74,"MTMR10, MTMR11, MTMR12, MTMR6, MTMR7, MTMR8, MTMR9","MTMR10, MTMR11…"
KOG4471,5,1,4,8,5,65,"MTM1, MTMR1, MTMR2, MTMR3, MTMR4","MTM1, MTMR1…"
KOG2884,5,2,3,8,1,23,PSMD4,PSMD4
KOG2381,5,1,4,8,1,20,PI4K2B,PI4K2B
KOG1890,5,1,4,7,1,16,INPP5F,INPP5F
KOG1802,5,1,4,6,2,64,"UPF1, ZGRF1","UPF1, ZGRF1"
KOG4674,5,1,4,6,1,9,TPR,TPR
KOG3630,5,1,4,5,1,8,NUP214,NUP214
KOG0934,5,2,3,4,4,49,"AP1S1, AP1S2, AP4S1, VGF","AP1S1, AP1S2…"
KOG3527,5,1,4,4,4,32,"EPB41, EPB41L1, EPB41L2, EPB41L3","EPB41, EPB41L1…"
KOG4038,5,1,4,4,1,10,PDE6D,PDE6D
KOG0110,5,5,0,3,1,44,RBM19,RBM19
KOG0306,5,5,0,3,1,44,WDR3,WDR3
KOG0344,5,5,0,3,1,44,DDX52,DDX52
KOG1248,5,5,0,3,1,44,RRP12,RRP12
KOG1539,5,5,0,3,1,44,WDR36,WDR36
KOG1596,5,5,0,3,1,44,FBL,FBL
KOG1685,5,5,0,3,1,44,RSL1D1,RSL1D1
KOG1837,5,5,0,3,1,44,HEATR1,HEATR1
KOG1951,5,5,0,3,1,44,BMS1,BMS1
KOG1963,5,5,0,3,1,44,WDR75,WDR75
KOG1980,5,5,0,3,1,44,TSR1,TSR1
KOG2038,5,5,0,3,1,44,CEBPZ,CEBPZ
KOG2048,5,5,0,3,1,44,UTP4,UTP4
KOG2054,5,5,0,3,1,44,NOL6,NOL6
KOG2147,5,5,0,3,1,44,NOP14,NOP14
KOG2154,5,5,0,3,1,44,NOC4L,NOC4L
KOG2188,5,5,0,3,1,44,NOP9,NOP9
KOG2321,5,5,0,3,1,44,NOL10,NOL10
KOG2396,5,5,0,3,1,44,UTP6,UTP6
KOG2409,5,5,0,3,1,44,KRI1,KRI1
KOG2481,5,5,0,3,1,44,PES1,PES1
KOG2600,5,5,0,3,1,44,MPHOSPH10,MPHOSPH10
KOG2773,5,5,0,3,1,44,AATF,AATF
KOG3089,5,5,0,3,1,44,CMSS1,CMSS1
KOG3190,5,5,0,3,1,44,RRP36,RRP36
KOG3871,5,5,0,3,1,44,BYSL,BYSL
KOG4008,5,5,0,3,1,44,RRP7A,RRP7A
KOG4547,5,5,0,3,1,44,WDR43,WDR43
KOG0930,5,1,4,3,4,36,"CYTH1, CYTH2, CYTH3, CYTH4","CYTH1, CYTH2…"
KOG1003,5,0,5,3,4,25,"GCOM1, TPM2, TPM3, TPM4","GCOM1, TPM2…"
KOG1229,5,0,5,3,2,20,"PDE8A, PDE8B","PDE8A, PDE8B"
KOG0896,5,5,0,3,2,16,"UBE2V1, UBE2V2","UBE2V1, UBE2V2"
KOG0597,5,1,4,3,2,15,"STK36, ULK4","STK36, ULK4"
KOG2341,5,4,1,3,2,14,"TAF4, TAF4B","TAF4, TAF4B"
KOG4242,5,2,3,3,2,14,"CARMIL1, CARMIL2","CARMIL1, CARMIL2"
KOG0181,5,1,4,3,2,12,"KIAA2012, PSMA2","KIAA2012, PSMA2"
KOG4792,5,2,3,3,2,12,"CRK, CRKL","CRK, CRKL"
KOG3434,5,3,2,3,2,10,"RPL22, RPL22L1","RPL22, RPL22L1"
KOG1463,5,1,4,3,1,9,PSMD11,PSMD11
KOG0938,5,0,5,3,1,8,AP2M1,AP2M1
KOG0943,5,1,4,3,1,8,UBR5,UBR5
KOG3856,5,4,1,3,1,8,MEAF6,MEAF6
KOG4011,5,4,1,3,1,8,TAF7,TAF7
KOG2724,5,1,4,3,1,6,NUP50,NUP50
KOG3499,5,3,2,3,1,5,RPL38,RPL38
KOG3504,5,3,2,3,1,5,RPL29,RPL29
KOG1886,5,5,0,2,2,94,"BAHCC1, BAHD1","BAHCC1, BAHD1"
KOG0620,5,4,1,2,4,44,"CNOT6, CNOT6L, LRRC27, PDE12","CNOT6, CNOT6L…"
KOG0319,5,5,0,2,1,43,TBL3,TBL3
KOG2781,5,5,0,2,1,40,IMP4,IMP4
KOG1042,5,5,0,2,3,33,"PIWIL2, PIWIL3, PIWIL4","PIWIL2, PIWIL3…"
KOG2953,5,0,5,2,4,33,"ARPP21, R3HDM1, R3HDM2, STAC3","ARPP21, R3HDM1…"
KOG1829,5,0,5,2,4,19,"DEF8, PLEKHM1, RUBCN, RUBCNL","DEF8, PLEKHM1…"
KOG3938,5,1,4,2,3,19,"GIPC1, GIPC2, GIPC3","GIPC1, GIPC2…"
KOG4205,5,5,0,2,3,18,"DAZAP1, MSI1, MSI2","DAZAP1, MSI1…"
KOG2425,5,1,4,2,2,16,"CREBZF, LAS1L","CREBZF, LAS1L"
KOG0929,5,2,3,2,3,15,"ARFGEF1, ARFGEF2, FBXO8","ARFGEF1, ARFGEF2…"
KOG0008,5,4,1,2,2,14,"TAF1, TAF1L","TAF1, TAF1L"
KOG3605,5,4,1,2,3,14,"APBA1, APBA2, APBA3","APBA1, APBA2…"
KOG4152,5,4,1,2,2,14,"HCFC1, HCFC2","HCFC1, HCFC2"
KOG1648,5,1,4,2,2,11,"SGSM1, SGSM2","SGSM1, SGSM2"
KOG1166,5,3,2,2,2,10,"BUB1, BUB1B","BUB1, BUB1B"
KOG2990,5,4,1,2,1,10,CCDC130,CCDC130
KOG2740,5,0,5,2,2,9,"AP3M1, AP3M2","AP3M1, AP3M2"
KOG3784,5,2,3,2,3,9,"SNX17, SNX27, SNX31","SNX17, SNX27…"
KOG0529,5,0,5,2,2,8,"PTAR1, RABGGTA","PTAR1, RABGGTA"
KOG0871,5,4,1,2,1,7,DR1,DR1
KOG1658,5,4,1,2,1,7,POLE4,POLE4
KOG2150,5,4,1,2,1,7,CNOT3,CNOT3
KOG3902,5,4,1,2,1,7,SUPT3H,SUPT3H
KOG2475,5,4,1,2,1,6,CDC45,CDC45
KOG2627,5,4,1,2,1,5,ESS2,ESS2
KOG4785,5,3,2,2,1,5,CBFB,CBFB
KOG3777,5,5,0,1,7,63,"CCDC59, KHNYN, N4BP1, ZC3H12A, ZC3H12B, ZC3H12C, ZC3H12D","CCDC59, KHNYN…"
KOG1244,5,5,0,1,3,27,"DPF1, DPF2, DPF3","DPF1, DPF2…"
KOG1326,5,3,2,1,3,22,"DYSF, FER1L6, MYOF","DYSF, FER1L6…"
KOG4091,5,1,4,1,6,22,"GRHL1, GRHL2, GRHL3, TFCP2, TFCP2L1, UBP1","GRHL1, GRHL2…"
KOG0051,5,5,0,1,2,18,"DMTF1, TTF1","DMTF1, TTF1"
KOG3886,5,5,0,1,2,18,"RRAGA, RRAGB","RRAGA, RRAGB"
KOG3887,5,5,0,1,2,18,"RRAGC, RRAGD","RRAGC, RRAGD"
KOG4745,5,5,0,1,4,18,"TIMP1, TIMP2, TIMP3, TIMP4","TIMP1, TIMP2…"
KOG4323,5,1,4,1,4,15,"INTS12, MTF2, PHF1, PHF19","INTS12, MTF2…"
KOG2133,5,3,2,1,2,14,"ATN1, RERE","ATN1, RERE"
KOG3537,5,3,2,1,2,14,"NUMB, NUMBL","NUMB, NUMBL"
KOG2591,5,5,0,1,2,10,"LARP4, LARP4B","LARP4, LARP4B"
KOG3350,5,5,0,1,1,9,EEF1AKMT1,EEF1AKMT1
KOG3743,5,3,2,1,1,7,RBPJ,RBPJ
KOG1174,5,5,0,1,1,5,ANAPC7,ANAPC7
KOG1782,5,0,5,1,1,5,LSM1,LSM1
KOG2910,5,5,0,1,1,5,C17ORF75,C17ORF75
KOG4469,5,5,0,1,1,5,RGP1,RGP1
KOG0162,4,0,4,9,4,52,"MYO1E, MYO1F, NIN, SPATA3","MYO1E, MYO1F…"
KOG1889,4,2,2,7,1,8,PCSK9,PCSK9
KOG1354,4,0,4,6,2,16,"PPP2R2A, PPP2R2B","PPP2R2A, PPP2R2B"
KOG4398,4,1,3,6,1,9,ATG14,ATG14
KOG0211,4,0,4,5,6,66,"FNBP4, PPP2R1A, PPP2R1B, PPP4R1, PPP4R4, RELCH","FNBP4, PPP2R1A…"
KOG3735,4,0,4,5,7,47,"LMOD1, LMOD2, LMOD3, TMOD1, TMOD2, TMOD3, TMOD4","LMOD1, LMOD2…"
KOG4031,4,0,4,5,2,36,"CLTA, CLTB","CLTA, CLTB"
KOG0985,4,0,4,5,3,24,"CLHC1, CLTC, CLTCL1","CLHC1, CLTC…"
KOG4362,4,0,4,5,3,24,"BARD1, BRCA1, MCPH1","BARD1, BRCA1…"
KOG0443,4,0,4,5,4,19,"CAPG, SCIN, VIL1, VILL","CAPG, SCIN…"
KOG2166,4,0,4,5,3,19,"CACUL1, CUL1, CUL3","CACUL1, CUL1…"
KOG0903,4,1,3,5,1,14,PI4KB,PI4KB
KOG0902,4,1,3,5,1,12,PI4KA,PI4KA
KOG0280,4,0,4,5,1,11,DPH7,DPH7
KOG3000,4,0,4,4,4,52,"DNMT3A, MAPRE1, MAPRE2, MAPRE3","DNMT3A, MAPRE1…"
KOG3763,4,0,4,4,3,26,"NXF1, NXF3, NXF5","NXF1, NXF3…"
KOG2265,4,0,4,4,3,21,"NUDC, NUDCD2, NUDCD3","NUDC, NUDCD2…"
KOG1813,4,0,4,4,1,12,RNF113A,RNF113A
KOG2140,4,0,4,4,1,12,CWC22,CWC22
KOG0601,4,0,4,4,2,7,"WEE1, WEE2","WEE1, WEE2"
KOG0971,4,0,4,4,2,7,"DCTN1, FAM193A","DCTN1, FAM193A"
KOG1900,4,0,4,4,1,6,NUP155,NUP155
KOG1964,4,0,4,4,1,6,NUP107,NUP107
KOG3091,4,0,4,4,1,6,NUP54,NUP54
KOG3298,4,0,4,4,1,6,POLR2G,POLR2G
KOG3400,4,0,4,4,1,6,POLR2H,POLR2H
KOG4121,4,0,4,4,1,6,NUP133,NUP133
KOG0457,4,1,3,4,2,5,"TADA2A, TADA2B","TADA2A, TADA2B"
KOG1997,4,1,3,3,6,55,"DOCK10, DOCK11, DOCK6, DOCK7, DOCK8, DOCK9","DOCK10, DOCK11…"
KOG1904,4,0,4,3,6,52,"DIXDC1, GLYR1, HDGF, HDGFL2, HDGFL3, PSIP1","DIXDC1, GLYR1…"
KOG4743,4,0,4,3,3,51,"CDKN1A, CDKN1B, CDKN1C","CDKN1A, CDKN1B…"
KOG0129,4,0,4,3,4,27,"CPEB1, CPEB2, CPEB3, CPEB4","CPEB1, CPEB2…"
KOG0130,4,0,4,3,1,23,RBM8A,RBM8A
KOG1893,4,0,4,3,2,20,"PIEZO1, PIEZO2","PIEZO1, PIEZO2"
KOG3688,4,1,3,3,3,19,"PDE1A, PDE1B, PDE1C","PDE1A, PDE1B…"
KOG0980,4,0,4,3,2,18,"HIP1, HIP1R","HIP1, HIP1R"
KOG3895,4,0,4,3,2,17,"SYN1, SYN3","SYN1, SYN3"
KOG1853,4,0,4,3,2,12,"NDE1, NDEL1","NDE1, NDEL1"
KOG0119,4,0,4,3,2,10,"PRR3, SF1","PRR3, SF1"
KOG3155,4,0,4,3,1,10,ARPC3,ARPC3
KOG4305,4,0,4,3,2,10,"ARHGEF3, NET1","ARHGEF3, NET1"
KOG4392,4,0,4,3,2,10,"POLR2J, POLR2J3","POLR2J, POLR2J3"
KOG3786,4,0,4,3,1,9,CDC73,CDC73
KOG0706,4,0,4,3,2,8,"ARFGAP2, ARFGAP3","ARFGAP2, ARFGAP3"
KOG4749,4,0,4,3,1,5,IPPK,IPPK
KOG3863,4,0,4,2,6,53,"BACH1, BACH2, NFE2, NFE2L1, NFE2L2, NFE2L3","BACH1, BACH2…"
KOG3209,4,0,4,2,3,22,"MAGI1, MAGI2, MAGI3","MAGI1, MAGI2…"
KOG0955,4,4,0,2,3,21,"BRD1, BRPF1, BRPF3","BRD1, BRPF1…"
KOG2821,4,0,4,2,3,14,"ELOA, ELOA2, ELOA3","ELOA, ELOA2…"
KOG1785,4,1,3,2,3,12,"CBL, CBLB, CBLC","CBL, CBLB…"
KOG2056,4,1,3,2,4,12,"ENTHD1, EPN1, EPN2, EPN3","ENTHD1, EPN1…"
KOG3671,4,1,3,2,2,12,"WAS, WASL","WAS, WASL"
KOG0890,4,0,4,2,1,9,ATR,ATR
KOG2222,4,0,4,2,1,9,SGSM3,SGSM3
KOG3548,4,0,4,2,1,9,TP53BP1,TP53BP1
KOG1374,4,0,4,2,2,8,"TUBG1, TUBG2","TUBG1, TUBG2"
KOG2402,4,0,4,2,1,8,RTF1,RTF1
KOG2428,4,0,4,2,1,8,LEO1,LEO1
KOG2478,4,0,4,2,1,8,PAF1,PAF1
KOG3490,4,0,4,2,1,8,SUPT4H1,SUPT4H1
KOG3837,4,0,4,2,2,8,"CC2D1A, CC2D1B","CC2D1A, CC2D1B"
KOG0928,4,2,2,2,1,7,GBF1,GBF1
KOG3578,4,0,4,2,1,7,WASHC4,WASHC4
KOG0429,4,0,4,2,1,5,AKTIP,AKTIP
KOG1797,4,0,4,2,1,5,NBAS,NBAS
KOG3132,4,1,3,2,1,5,SNUPN,SNUPN
KOG4586,4,4,0,2,2,5,"NETO1, NETO2","NETO1, NETO2"
KOG4795,4,0,4,2,2,5,"EAF1, EAF2","EAF1, EAF2"
KOG0892,4,2,2,2,1,4,ATM,ATM
KOG1971,4,4,0,2,1,4,PLOD2,PLOD2
KOG2326,4,2,2,2,1,4,XRCC5,XRCC5
KOG2327,4,2,2,2,1,4,XRCC6,XRCC6
KOG4378,4,0,4,2,1,4,NEDD1,NEDD1
KOG4496,4,0,4,2,1,4,WASHC3,WASHC3
KOG4669,4,4,0,2,1,4,MT-ND4L,MT-ND4L
KOG3766,4,4,0,1,9,351,"L3MBTL1, L3MBTL2, L3MBTL3, MBTD1, PHC1, SCMH1, SCML4, SFMBT1, SFMBT2","L3MBTL1, L3MBTL2…"
KOG1034,4,4,0,1,1,39,EED,EED
KOG2350,4,4,0,1,1,39,SUZ12,SUZ12
KOG3571,4,3,1,1,3,18,"DVL1, DVL2, DVL3","DVL1, DVL2…"
KOG4140,4,4,0,1,3,18,"ATXN7-2, ATXN7L1, ATXN7L2","ATXN7-2, ATXN7L1…"
KOG3536,4,4,0,1,4,16,"APPL1, APPL2, GULP1, LDLRAP1","APPL1, APPL2…"
KOG3558,4,4,0,1,4,16,"EPAS1, HIF1A, HIF3A, NPAS3","EPAS1, HIF1A…"
KOG3615,4,4,0,1,4,16,"ZSWIM4, ZSWIM5, ZSWIM6, ZSWIM8","ZSWIM4, ZSWIM5…"
KOG4625,4,4,0,1,4,16,"NEURL1, NEURL1B, NEURL2, NEURL4","NEURL1, NEURL1B…"
KOG1702,4,1,3,1,3,13,"LASP1, NEB, NEBL","LASP1, NEB…"
KOG3665,4,4,0,1,3,12,"ZER1, ZYG11A, ZYG11B","ZER1, ZYG11A…"
KOG3563,4,2,2,1,3,11,"FOXA1, FOXA2, FOXA3","FOXA1, FOXA2…"
KOG3555,4,4,0,1,3,9,"SPOCK1, SPOCK2, SPOCK3","SPOCK1, SPOCK2…"
KOG1824,4,4,0,1,2,8,"CAND1, CAND2","CAND1, CAND2"
KOG2136,4,4,0,1,2,8,"GCFC2, PAXBP1","GCFC2, PAXBP1"
KOG4286,4,4,0,1,2,8,"DMD, UTRN","DMD, UTRN"
KOG0870,4,4,0,1,1,6,POLE3,POLE3
KOG1932,4,4,0,1,1,6,TAF2,TAF2
KOG2068,4,4,0,1,1,6,CNOT4,CNOT4
KOG3768,4,0,4,1,2,6,"INTS6, INTS6L","INTS6, INTS6L"
KOG4397,4,2,2,1,1,5,CXORF56,CXORF56
KOG0509,4,0,4,1,1,4,NUDT22,NUDT22
KOG0576,4,4,0,1,1,4,MAP4K5,MAP4K5
KOG1106,4,4,0,1,1,4,GINS3,GINS3
KOG1364,4,4,0,1,1,4,UBXN7,UBXN7
KOG1585,4,0,4,1,1,4,NAPG,NAPG
KOG1961,4,2,2,1,1,4,VPS52,VPS52
KOG2115,4,2,2,1,1,4,VPS54,VPS54
KOG2184,4,4,0,1,1,4,TFIP11,TFIP11
KOG2476,4,4,0,1,1,4,CWF19L1,CWF19L1
KOG3102,4,4,0,1,1,4,USB1,USB1
KOG3390,4,0,4,1,1,4,BLOC1S1,BLOC1S1
KOG4262,4,0,4,1,1,4,INTS3,INTS3
KOG4495,4,4,0,1,1,4,ELOB,ELOB
KOG4693,4,4,0,1,1,4,KLHDC3,KLHDC3
KOG4710,4,4,0,1,1,4,VHL,VHL
KOG0230,3,1,2,7,1,7,PIKFYVE,PIKFYVE
KOG0566,3,1,2,6,2,12,"SYNJ1, SYNJ2","SYNJ1, SYNJ2"
KOG2769,3,0,3,5,1,11,PRPF3,PRPF3
KOG0321,3,0,3,5,1,10,DTL,DTL
KOG1888,3,1,2,5,1,5,FIG4,FIG4
KOG3081,3,0,3,5,1,5,COPE,COPE
KOG3392,3,0,3,4,2,54,"MAGOH, MAGOHB","MAGOH, MAGOHB"
KOG1061,3,0,3,4,3,42,"AP1B1, AP2B1, AP4B1","AP1B1, AP2B1…"
KOG1989,3,0,3,4,3,42,"AAK1, BMP2K, GAK","AAK1, BMP2K…"
KOG1864,3,0,3,4,4,28,"USP1, USP12, USP38, USP46","USP1, USP12…"
KOG1620,3,0,3,4,4,24,"IP6K1, IP6K2, IPMK, TASOR","IP6K1, IP6K2…"
KOG4239,3,1,2,4,6,22,"RASSF1, RASSF2, RASSF3, RASSF4, RASSF5, RASSF6","RASSF1, RASSF2…"
KOG0935,3,0,3,4,1,14,AP2S1,AP2S1
KOG4428,3,0,3,4,2,14,"INPP4A, INPP4B","INPP4A, INPP4B"
KOG0659,3,0,3,4,2,12,"CDK20, CDK7","CDK20, CDK7"
KOG2574,3,0,3,4,1,10,PRPF31,PRPF31
KOG1332,3,0,3,4,1,7,SEC13,SEC13
KOG2976,3,0,3,4,1,6,ATG5,ATG5
KOG0164,3,0,3,3,5,50,"MYO1A, MYO1B, MYO1C, MYO1D, MYO1G","MYO1A, MYO1B…"
KOG2398,3,0,3,3,6,40,"FCHO1, FCHO2, GAS7, PSTPIP1, PSTPIP2, SGIP1","FCHO1, FCHO2…"
KOG0587,3,0,3,3,6,36,"MAP4K4, MINK1, MYO3A, MYO3B, NRK, TNIK","MAP4K4, MINK1…"
KOG0703,3,0,3,3,3,27,"ADAP2, SMAP1, SMAP2","ADAP2, SMAP1…"
KOG4381,3,0,3,3,7,26,"PLEKHM3, RUBCN, RUFY2, RUFY3, RUNDC3A, RUNDC3B, SNX29","PLEKHM3, RUBCN…"
KOG4264,3,0,3,3,1,23,CASC3,CASC3
KOG3667,3,1,2,3,7,21,"STAT1, STAT2, STAT3, STAT4, STAT5A, STAT5B, STAT6","STAT1, STAT2…"
KOG3732,3,0,3,3,4,20,"PRKRA, STAU1, STAU2, TARBP2","PRKRA, STAU1…"
KOG2011,3,0,3,3,3,18,"STAG1, STAG2, STAG3","STAG1, STAG2…"
KOG4306,3,0,3,3,3,17,"PLCXD1, PLCXD2, PLCXD3","PLCXD1, PLCXD2…"
KOG0836,3,0,3,3,2,12,"CAPZA1, CAPZA2","CAPZA1, CAPZA2"
KOG1140,3,1,2,3,2,10,"UBR1, UBR2","UBR1, UBR2"
KOG4571,3,0,3,3,2,10,"ATF4, ATF5","ATF4, ATF5"
KOG2057,3,0,3,3,1,9,CLINT1,CLINT1
KOG1833,3,1,2,3,1,7,NUP210,NUP210
KOG3235,3,0,3,3,1,7,NAA10,NAA10
KOG0212,3,0,3,3,1,6,VAC14,VAC14
KOG3174,3,0,3,3,1,6,CAPZB,CAPZB
KOG3773,3,0,3,3,1,6,PNPLA4,PNPLA4
KOG1835,3,0,3,3,1,5,NUP205,NUP205
KOG2168,3,0,3,3,1,5,NUP93,NUP93
KOG2173,3,1,2,3,1,5,ATG9A,ATG9A
KOG2271,3,0,3,3,1,5,NUP85,NUP85
KOG2412,3,0,3,3,1,5,GLE1,GLE1
KOG3496,3,0,3,3,1,5,COX17,COX17
KOG4115,3,1,2,3,2,5,"DYNLRB1, DYNLRB2","DYNLRB1, DYNLRB2"
KOG4460,3,0,3,3,1,5,NUP88,NUP88
KOG4521,3,0,3,3,1,5,NUP160,NUP160
KOG4833,3,0,3,3,1,5,NUP188,NUP188
KOG3958,3,0,3,3,1,4,DCTN2,DCTN2
KOG1858,3,0,3,3,1,3,ANAPC1,ANAPC1
KOG3046,3,0,3,3,1,3,MED10,MED10
KOG1295,3,0,3,2,2,44,"UPF3A, UPF3B","UPF3A, UPF3B"
KOG4209,3,0,3,2,2,42,"PABPN1, RNPS1","PABPN1, RNPS1"
KOG4794,3,0,3,2,3,27,"TMSB10, TMSB15A, TMSB4X","TMSB10, TMSB15A…"
KOG3683,3,0,3,2,2,22,"RMI1, TDRD3","RMI1, TDRD3"
KOG0249,3,1,2,2,3,20,"KAZN, PPFIA1, PPFIA3","KAZN, PPFIA1…"
KOG2674,3,0,3,2,4,19,"ATG4A, ATG4B, ATG4C, ATG4D","ATG4A, ATG4B…"
KOG1757,3,0,3,2,2,18,"H2AZ1, H2AZ2","H2AZ1, H2AZ2"
KOG1917,3,0,3,2,2,18,"NCKAP1, NCKAP1L","NCKAP1, NCKAP1L"
KOG2739,3,0,3,2,3,18,"ANP32A, ANP32B, ANP32E","ANP32A, ANP32B…"
KOG4348,3,0,3,2,2,18,"CD2AP, SH3KBP1","CD2AP, SH3KBP1"
KOG2500,3,0,3,2,2,16,"NECAP1, NECAP2","NECAP1, NECAP2"
KOG1507,3,0,3,2,5,14,"NAP1L1, NAP1L2, NAP1L3, NAP1L4, NAP1L5","NAP1L1, NAP1L2…"
KOG0577,3,0,3,2,5,13,"TAOK1, TAOK3, TMEM219, TMEM248, VSIG10","TAOK1, TAOK3…"
KOG0866,3,0,3,2,3,12,"FAM111A, FAM111B, RANBP3","FAM111A, FAM111B…"
KOG2000,3,0,3,2,2,12,"TUBGCP3, TUBGCP6","TUBGCP3, TUBGCP6"
KOG3712,3,1,2,2,5,12,"RFX1, RFX2, RFX3, RFX4, RFX5","RFX1, RFX2…"
KOG2836,3,0,3,2,3,11,"PTP4A1, PTP4A2, PTP4A3","PTP4A1, PTP4A2…"
KOG0247,3,0,3,2,3,9,"KIF20A, KIF20B, KIF23","KIF20A, KIF20B…"
KOG0936,3,0,3,2,3,9,"AP3S1, AP3S2, ARPIN","AP3S1, AP3S2…"
KOG2196,3,0,3,2,2,8,"NUP58, NUP62","NUP58, NUP62"
KOG1969,3,0,3,2,1,7,CHTF18,CHTF18
KOG1163,3,2,1,2,2,6,"CSNK1A1, CSNK1A1L",CSNK1A1…
KOG2104,3,1,2,2,3,6,"CGA, FANCA, NUTF2","CGA, FANCA…"
KOG2344,3,1,2,2,1,6,EXOC7,EXOC7
KOG4405,3,1,2,2,1,6,CHM,CHM
KOG1613,3,3,0,2,1,5,EXOSC8,EXOSC8
KOG1614,3,3,0,2,1,5,EXOSC9,EXOSC9
KOG2217,3,0,3,2,1,5,SART1,SART1
KOG3013,3,3,0,2,1,5,EXOSC2,EXOSC2
KOG3045,3,3,0,2,1,5,RRP8,RRP8
KOG3100,3,3,0,2,1,5,DNTTIP2,DNTTIP2
KOG3117,3,3,0,2,1,5,NGDN,NGDN
KOG3118,3,3,0,2,1,5,UTP3,UTP3
KOG3237,3,3,0,2,1,5,UTP11,UTP11
KOG3865,3,0,3,2,2,5,"ARRB1, ARRB2","ARRB1, ARRB2"
KOG4035,3,0,3,2,1,5,NCKIPSD,NCKIPSD
KOG4835,3,3,0,2,1,5,C1D,C1D
KOG0608,3,0,3,2,2,4,"LATS1, LATS2","LATS1, LATS2"
KOG2834,3,1,2,2,2,4,"FAAP100, NPLOC4","FAAP100, NPLOC4"
KOG0983,3,0,3,2,1,3,MAP2K7,MAP2K7
KOG1816,3,1,2,2,1,3,UFD1,UFD1
KOG1891,3,0,3,2,1,3,SAV1,SAV1
KOG1909,3,1,2,2,1,3,RANGAP1,RANGAP1
KOG4161,3,0,3,1,4,32,"MBD2, MBD3, MBD4, MECP2","MBD2, MBD3…"
KOG0517,3,0,3,1,4,20,"SPTB, SPTBN1, SPTBN2, SPTBN4","SPTB, SPTBN1…"
KOG2810,3,0,3,1,3,20,"CDCA7L, RAD9A, RAD9B","CDCA7L, RAD9A…"
KOG4678,3,0,3,1,5,20,"SMTN, SMTNL1, SMTNL2, SPECC1, SPECC1L","SMTN, SMTNL1…"
KOG1906,3,0,3,1,2,16,"TENT4A, TENT4B","TENT4A, TENT4B"
KOG2588,3,0,3,1,2,16,"SREBF1, SREBF2","SREBF1, SREBF2"
KOG0941,3,3,0,1,5,15,"HECTD2, HERC3, HERC4, HERC6, UBE3A","HECTD2, HERC3…"
KOG1011,3,1,2,1,2,14,"UNC13B, UNC13C","UNC13B, UNC13C"
KOG0253,3,0,3,1,2,13,"SVOP, SVOPL","SVOP, SVOPL"
KOG1952,3,0,3,1,2,11,"NFX1, RBM11","NFX1, RBM11"
KOG3792,3,0,3,1,4,10,"ILF3, STRBP, ZFR, ZFR2","ILF3, STRBP…"
KOG1194,3,2,1,1,3,9,"RCOR1, RCOR2, RCOR3","RCOR1, RCOR2…"
KOG4796,3,0,3,1,3,9,"ELL2, ELL3, OCEL1","ELL2, ELL3…"
KOG2087,3,1,2,1,5,8,"LGR4, LGR5, LGR6, RXFP1, TSHR","LGR4, LGR5…"
KOG3303,3,0,3,1,1,8,GINS1,GINS1
KOG3687,3,0,3,1,1,8,TSC2,TSC2
KOG4141,3,0,3,1,1,8,RAD52,RAD52
KOG4182,3,0,3,1,1,8,COG7,COG7
KOG4223,3,0,3,1,1,8,CALU,CALU
KOG2060,3,1,2,1,1,7,RIMS2,RIMS2
KOG3551,3,3,0,1,3,7,"SNTA1, SNTB1, SNTB2","SNTA1, SNTB1…"
KOG3950,3,3,0,1,3,7,"SGCD, SGCG, SGCZ","SGCD, SGCG…"
KOG3977,3,0,3,1,3,7,"TNNI1, TNNI2, TNNI3","TNNI1, TNNI2…"
KOG1060,3,0,3,1,2,6,"AP3B1, AP3B2","AP3B1, AP3B2"
KOG2175,3,0,3,1,2,6,"PPP4R3A, PPP4R3B","PPP4R3A, PPP4R3B"
KOG2841,3,2,1,1,2,6,"ERCC1, FAAP24","ERCC1, FAAP24"
KOG2992,3,0,3,1,1,6,NOLC1,NOLC1
KOG0120,3,0,3,1,1,5,U2AF2,U2AF2
KOG0163,3,0,3,1,1,5,MYO6,MYO6
KOG4346,3,0,3,1,1,5,TELO2,TELO2
KOG0403,3,0,3,1,2,4,"CCDC142, PDCD4","CCDC142, PDCD4"
KOG2072,3,0,3,1,1,4,EIF3A,EIF3A
KOG2695,3,0,3,1,2,4,"DCAF4, DCAF4L2","DCAF4, DCAF4L2"
KOG2899,3,0,3,1,2,4,"BCDIN3D, MEPCE","BCDIN3D, MEPCE"
KOG3621,3,0,3,1,2,4,"HPS5, TECPR2","HPS5, TECPR2"
KOG4761,3,0,3,1,1,4,PSMF1,PSMF1
KOG0283,3,2,1,1,1,3,WDR44,WDR44
KOG0290,3,0,3,1,1,3,DCAF7,DCAF7
KOG0662,3,0,3,1,1,3,CDK5,CDK5
KOG1301,3,0,3,1,1,3,SCFD1,SCFD1
KOG1400,3,0,3,1,1,3,CRBN,CRBN
KOG1789,3,0,3,1,1,3,DNAJC13,DNAJC13
KOG2001,3,0,3,1,1,3,TUBGCP2,TUBGCP2
KOG2065,3,1,2,1,1,3,TUBGCP4,TUBGCP4
KOG2179,3,2,1,1,1,3,XPC,XPC
KOG2180,3,2,1,1,1,3,VPS53,VPS53
KOG2400,3,0,3,1,1,3,YLPM1,YLPM1
KOG2677,3,0,3,1,1,3,STON2,STON2
KOG2867,3,0,3,1,1,3,PTPA,PTPA
KOG2963,3,1,2,1,1,3,P2RY11,P2RY11
KOG3175,3,0,3,1,1,3,PPP4R2,PPP4R2
KOG3461,3,0,3,1,1,3,DCAF15,DCAF15
KOG3666,3,0,3,1,1,3,WASHC5,WASHC5
KOG3868,3,3,0,1,1,3,ATP6AP1L,ATP6AP1L
KOG3979,3,2,1,1,1,3,PGAP2,PGAP2
KOG4227,3,0,3,1,1,3,DCAF5,DCAF5
KOG4344,3,0,3,1,1,3,TUBGCP5,TUBGCP5
KOG4370,3,0,3,1,1,3,RALBP1,RALBP1
KOG4430,3,0,3,1,1,3,TOPORS,TOPORS
KOG4438,3,0,3,1,1,3,NUF2,NUF2
KOG4740,3,1,2,1,1,3,OTOP1,OTOP1
KOG4816,3,0,3,1,1,3,DDA1,DDA1
KOG3454,2,0,2,3,2,10,"SNRPC, ZMAT5","SNRPC, ZMAT5"
KOG1057,2,0,2,3,2,9,"PPIP5K1, PPIP5K2","PPIP5K1, PPIP5K2"
KOG2223,2,0,2,3,2,8,"TBC1D12, TBC1D14","TBC1D12, TBC1D14"
KOG3316,2,0,2,3,2,8,"TRAPPC6A, TRAPPC6B",TRAPPC6A…
KOG1510,2,0,2,3,1,7,MED21,MED21
KOG1875,2,0,2,3,1,7,MED14,MED14
KOG3169,2,0,2,3,1,7,MED6,MED6
KOG4512,2,0,2,3,1,7,MED17,MED17
KOG0281,2,0,2,3,2,6,"BTRC, FBXW11","BTRC, FBXW11"
KOG1078,2,0,2,3,2,6,"COPG1, COPG2","COPG1, COPG2"
KOG1243,2,0,2,3,2,6,"SCYL1, SCYL3","SCYL1, SCYL3"
KOG0276,2,0,2,3,1,3,COPB2,COPB2
KOG1058,2,0,2,3,1,3,COPB1,COPB1
KOG2351,2,0,2,3,1,3,POLR2D,POLR2D
KOG2896,2,1,1,3,1,3,UVRAG,UVRAG
KOG3343,2,0,2,3,1,3,PRR15L,PRR15L
KOG0666,2,0,2,2,2,12,"CDK19, CDK8","CDK19, CDK8"
KOG2577,2,0,2,2,4,10,"E2F1, E2F3, E2F4, E2F6","E2F1, E2F3…"
KOG2996,2,2,0,2,5,10,"BLNK, CLNK, VAV1, VAV2, VAV3","BLNK, CLNK…"
KOG3508,2,2,0,2,5,10,"DAB2IP, RASA1, RASAL2, RASAL3, SYNGAP1","DAB2IP, RASA1…"
KOG0606,2,0,2,2,5,9,"MAST1, MAST2, MAST3, MAST4, MASTL","MAST1, MAST2…"
KOG2202,2,0,2,2,3,9,"U2AF1, U2AF1L4, ZRSR2","U2AF1, U2AF1L4…"
KOG1054,2,1,1,2,4,8,"GRIA1, GRIA2, GRIA3, GRIA4","GRIA1, GRIA2…"
KOG3757,2,0,2,2,6,8,"DCDC2, DCDC2C, DCLK1, DCX, RP1, RP1L1","DCDC2, DCDC2C…"
KOG0518,2,1,1,2,4,7,"FLNA, FLNB, FLNC, NAV3","FLNA, FLNB…"
KOG1657,2,0,2,2,3,7,"CHRAC1, NFYC, SPDYC","CHRAC1, NFYC…"
KOG0046,2,1,1,2,3,6,"LCP1, PLS1, PLS3","LCP1, PLS1…"
KOG0794,2,0,2,2,1,6,CCNC,CCNC
KOG1439,2,0,2,2,2,6,"GDI1, GDI2","GDI1, GDI2"
KOG4005,2,0,2,2,1,6,XBP1,XBP1
KOG1476,2,0,2,2,2,5,"B3GAT1, B3GAT2","B3GAT1, B3GAT2"
KOG1621,2,0,2,2,3,5,"ITPKA, ITPKB, ITPKC","ITPKA, ITPKB…"
KOG0077,2,1,1,2,2,4,"SAR1A, SAR1B","SAR1A, SAR1B"
KOG0094,2,0,2,2,2,4,"RAB34, RAB6C","RAB34, RAB6C"
KOG0362,2,0,2,2,1,4,CCT8,CCT8
KOG0585,2,0,2,2,2,4,"CAMKK1, CAMKK2","CAMKK1, CAMKK2"
KOG1642,2,1,1,2,1,4,H0YAE9_HUMAN,H0YAE9_HUMAN
KOG1871,2,0,2,2,1,4,USP10,USP10
KOG2808,2,0,2,2,1,4,PRPF18,PRPF18
KOG4226,2,1,1,2,2,4,"NCK1, NCK2","NCK1, NCK2"
KOG4456,2,0,2,2,1,4,INCENP,INCENP
KOG4714,2,0,2,2,1,4,NUP43,NUP43
KOG0315,2,0,2,2,1,3,MLST8,MLST8
KOG0882,2,0,2,2,1,3,PPWD1,PPWD1
KOG1277,2,0,2,2,2,3,"TM9SF1, TM9SF3","TM9SF1, TM9SF3"
KOG2120,2,0,2,2,1,3,SKP2,SKP2
KOG2496,2,0,2,2,1,3,CCNH,CCNH
KOG2560,2,0,2,2,1,3,SLU7,SLU7
KOG2581,2,1,1,2,2,3,"CSF3, PSMD3","CSF3, PSMD3"
KOG2809,2,0,2,2,1,3,GPATCH4,GPATCH4
KOG3121,2,0,2,2,1,3,DCTN5,DCTN5
KOG3896,2,0,2,2,1,3,DCTN4,DCTN4
KOG3983,2,0,2,2,2,3,"GOLPH3, GOLPH3L","GOLPH3, GOLPH3L"
KOG0006,2,1,1,2,1,2,PRKN,PRKN
KOG0015,2,1,1,2,1,2,SRF,SRF
KOG0292,2,0,2,2,1,2,COPA,COPA
KOG0592,2,2,0,2,1,2,PDPK1,PDPK1
KOG1167,2,1,1,2,1,2,CDC7,CDC7
KOG1173,2,0,2,2,1,2,CDC16,CDC16
KOG1805,2,0,2,2,1,2,DNA2,DNA2
KOG1967,2,0,2,2,1,2,MMS19,MMS19
KOG2045,2,0,2,2,1,2,XRN1,XRN1
KOG2163,2,0,2,2,1,2,ZW10,ZW10
KOG3201,2,1,1,2,1,2,CAMKMT,CAMKMT
KOG3412,2,0,2,2,1,2,RPL28,RPL28
KOG3433,2,0,2,2,1,2,MND1,MND1
KOG3435,2,1,1,2,1,2,TP53I13,TP53I13
KOG4086,2,0,2,2,1,2,MED31,MED31
KOG4322,2,0,2,2,1,2,ANAPC5,ANAPC5
KOG4640,2,0,2,2,1,2,ANAPC4,ANAPC4
KOG2162,2,0,2,1,3,60,"SMG5, SMG6, SMG7","SMG5, SMG6…"
KOG0116,2,0,2,1,2,40,"G3BP1, G3BP2","G3BP1, G3BP2"
KOG1318,2,0,2,1,5,25,"MITF, TFE3, TFEB, USF1, USF2","MITF, TFE3…"
KOG2416,2,0,2,1,1,20,ACIN1,ACIN1
KOG2723,2,2,0,1,10,20,"KCTD1, KCTD12, KCTD14, KCTD15, KCTD16, KCTD18, KCTD21, KCTD4, KCTD6, KCTD8","KCTD1, KCTD12…"
KOG3391,2,0,2,1,1,20,SAP18,SAP18
KOG3756,2,0,2,1,1,20,PNN,PNN
KOG4325,2,0,2,1,1,20,PYM1,PYM1
KOG4483,2,0,2,1,1,20,R3HCC1,R3HCC1
KOG3953,2,0,2,1,3,15,"FBXO45, SPSB1, SPSB3","FBXO45, SPSB1…"
KOG3592,2,0,2,1,4,11,"CCDC157, MAP1A, MAP1B, MAP1S","CCDC157, MAP1A…"
KOG3804,2,0,2,1,6,11,"EHF, ELF1, ELF2, ELF3, ELF4, ETV6","EHF, ELF1…"
KOG0639,2,1,1,1,5,10,"TLE1, TLE2, TLE3, TLE4, TLE5","TLE1, TLE2…"
KOG4436,2,0,2,1,4,10,"EVI5, EVI5L, TBC1D1, TBC1D4","EVI5, EVI5L…"
KOG1508,2,0,2,1,3,9,"SET, TSPYL1, TSPYL2","SET, TSPYL1…"
KOG2641,2,0,2,1,3,9,"TMEM184A, TMEM184B, TMEM184C",TMEM184A…
KOG3484,2,0,2,1,4,8,"CKS1B, CKS2, GLYATL1, GLYATL2","CKS1B, CKS2…"
KOG4773,2,0,2,1,5,8,"NCF1, NCF4, NOXO1, SH3PXD2A, SH3PXD2B","NCF1, NCF4…"
KOG0642,2,0,2,1,3,6,"STRN, STRN3, STRN4","STRN, STRN3…"
KOG1566,2,0,2,1,3,6,"AKAP8, AKAP8L, CAB39","AKAP8, AKAP8L…"
KOG3194,2,0,2,1,1,6,RAD1,RAD1
KOG3576,2,0,2,1,2,6,"OVOL1, OVOL3","OVOL1, OVOL3"
KOG4351,2,0,2,1,2,6,"ILRUN, NBR1","ILRUN, NBR1"
KOG2308,2,0,2,1,3,5,"DDHD1, DDHD2, SEC23IP","DDHD1, DDHD2…"
KOG4341,2,0,2,1,1,5,FBXO41,FBXO41
KOG0307,2,0,2,1,2,4,"ANKRD40, SEC31A","ANKRD40, SEC31A"
KOG0459,2,0,2,1,2,4,"GSPT1, GSPT2","GSPT1, GSPT2"
KOG1874,2,0,2,1,2,4,"THOC2, ZC3H13","THOC2, ZC3H13"
KOG2023,2,1,1,1,2,4,"TNPO1, TNPO2","TNPO1, TNPO2"
KOG2080,2,0,2,1,2,4,"DENND5A, DENND5B","DENND5A, DENND5B"
KOG3296,2,2,0,1,1,4,PVR,PVR
KOG3680,2,0,2,1,2,4,"STRIP1, STRIP2","STRIP1, STRIP2"
KOG3794,2,0,2,1,2,4,"CIR1, RP9","CIR1, RP9"
KOG4081,2,0,2,1,2,4,"DYNLT1, DYNLT3","DYNLT1, DYNLT3"
KOG4330,2,1,1,1,2,4,"AKIRIN1, AKIRIN2","AKIRIN1, AKIRIN2"
KOG1860,2,0,2,1,1,3,MCM3AP,MCM3AP
KOG2022,2,1,1,1,2,3,"IPO13, PFAS","IPO13, PFAS"
KOG2274,2,2,0,1,2,3,"IPO9, SHISA4","IPO9, SHISA4"
KOG2785,2,0,2,1,1,3,ZNF622,ZNF622
KOG0170,2,0,2,1,1,2,TRIP12,TRIP12
KOG0702,2,0,2,1,1,2,AGFG1,AGFG1
KOG0704,2,0,2,1,1,2,ARFGAP1,ARFGAP1
KOG1848,2,0,2,1,1,2,MON2,MON2
KOG1852,2,0,2,1,1,2,MOB4,MOB4
KOG1926,2,1,1,1,1,2,MYBBP1A,MYBBP1A
KOG1992,2,1,1,1,1,2,CSE1L,CSE1L
KOG2021,2,1,1,1,1,2,XPOT,XPOT
KOG2050,2,0,2,1,1,2,PUM3,PUM3
KOG2081,2,1,1,1,1,2,TNPO3,TNPO3
KOG2117,2,0,2,1,1,2,NSRP1,NSRP1
KOG2812,2,0,2,1,1,2,NKAP,NKAP
KOG3260,2,2,0,1,1,2,CACYBP,CACYBP
KOG3329,2,1,1,1,1,2,RANGRF,RANGRF
KOG3410,2,0,2,1,1,2,FAM32A,FAM32A
KOG3646,2,2,0,1,1,2,CHRNA7,CHRNA7
KOG3869,2,0,2,1,1,2,CWC25,CWC25
KOG3948,2,1,1,1,1,2,PHAX,PHAX
KOG3962,2,0,2,1,1,2,FRG1,FRG1
KOG3992,2,0,2,1,1,2,ROGDI,ROGDI
KOG4025,2,0,2,1,1,2,PDCD10,PDCD10
KOG4036,2,0,2,1,1,2,PSME3IP1,PSME3IP1
KOG4042,2,0,2,1,1,2,DCTN6,DCTN6
KOG4055,2,0,2,1,1,2,PRKRIP1,PRKRIP1
KOG4108,2,0,2,1,1,2,TCTEX1D2,TCTEX1D2
KOG4454,2,0,2,1,1,2,RBM7,RBM7
